nohup: ignoring input
1/5000: Avatar -> 200
2/5000: Pirates of the Caribbean: At World's End -> 200
3/5000: Spectre -> 200
4/5000: The Dark Knight Rises -> 200
5/5000: John Carter -> 200
6/5000: Spider-Man 3 -> 200
7/5000: Tangled -> 200
8/5000: Avengers: Age of Ultron -> 200
9/5000: Harry Potter and the Half-Blood Prince -> 200
10/5000: Batman v Superman: Dawn of Justice -> 200
11/5000: Superman Returns -> 200
12/5000: Quantum of Solace -> 200
13/5000: Pirates of the Caribbean: Dead Man's Chest -> 200
14/5000: The Lone Ranger -> 200
15/5000: Man of Steel -> 200
16/5000: The Chronicles of Narnia: Prince Caspian -> 200
17/5000: The Avengers -> 200
18/5000: Pirates of the Caribbean: On Stranger Tides -> 200
19/5000: Men in Black 3 -> 200
20/5000: The Hobbit: The Battle of the Five Armies -> 200
21/5000: The Amazing Spider-Man -> 200
22/5000: Robin Hood -> 200
23/5000: The Hobbit: The Desolation of Smaug -> 200
24/5000: The Golden Compass -> 200
25/5000: King Kong -> 200
26/5000: Titanic -> 200
27/5000: Captain America: Civil War -> 200
28/5000: Battleship -> 200
29/5000: Jurassic World -> 200
30/5000: Skyfall -> 200
31/5000: Spider-Man 2 -> 200
32/5000: Iron Man 3 -> 200
33/5000: Alice in Wonderland -> 200
34/5000: X-Men: The Last Stand -> 200
35/5000: Monsters University -> 200
36/5000: Transformers: Revenge of the Fallen -> 200
37/5000: Transformers: Age of Extinction -> 200
38/5000: Oz: The Great and Powerful -> 200
39/5000: The Amazing Spider-Man 2 -> 200
40/5000: TRON: Legacy -> 200
41/5000: Cars 2 -> 200
42/5000: Green Lantern -> 200
43/5000: Toy Story 3 -> 200
44/5000: Terminator Salvation -> 200
45/5000: Furious 7 -> 200
46/5000: World War Z -> 200
47/5000: X-Men: Days of Future Past -> 200
48/5000: Star Trek Into Darkness -> 200
49/5000: Jack the Giant Slayer -> 200
50/5000: The Great Gatsby -> 200
51/5000: Prince of Persia: The Sands of Time -> 200
52/5000: Pacific Rim -> 200
53/5000: Transformers: Dark of the Moon -> 200
54/5000: Indiana Jones and the Kingdom of the Crystal Skull -> 200
55/5000: The Good Dinosaur -> 200
56/5000: Brave -> 200
57/5000: Star Trek Beyond -> 200
58/5000: WALL·E -> 200
59/5000: Rush Hour 3 -> 200
60/5000: 2012 -> 200
61/5000: A Christmas Carol -> 200
62/5000: Jupiter Ascending -> 200
63/5000: The Legend of Tarzan -> 200
64/5000: The Chronicles of Narnia: The Lion, the Witch and the Wardrobe -> 200
65/5000: X-Men: Apocalypse -> 200
66/5000: The Dark Knight -> 200
67/5000: Up -> 200
68/5000: Monsters vs Aliens -> 200
69/5000: Iron Man -> 200
70/5000: Hugo -> 200
71/5000: Wild Wild West -> 200
72/5000: The Mummy: Tomb of the Dragon Emperor -> 200
73/5000: Suicide Squad -> 200
74/5000: Evan Almighty -> 200
75/5000: Edge of Tomorrow -> 200
76/5000: Waterworld -> 200
77/5000: G.I. Joe: The Rise of Cobra -> 200
78/5000: Inside Out -> 200
79/5000: The Jungle Book -> 200
80/5000: Iron Man 2 -> 200
81/5000: Snow White and the Huntsman -> 200
82/5000: Maleficent -> 200
83/5000: Dawn of the Planet of the Apes -> 200
84/5000: The Lovers -> 200
85/5000: 47 Ronin -> 200
86/5000: Captain America: The Winter Soldier -> 200
87/5000: Shrek Forever After -> 200
88/5000: Tomorrowland -> 200
89/5000: Big Hero 6 -> 200
90/5000: Wreck-It Ralph -> 200
91/5000: The Polar Express -> 200
92/5000: Independence Day: Resurgence -> 200
93/5000: How to Train Your Dragon -> 200
94/5000: Terminator 3: Rise of the Machines -> 200
95/5000: Guardians of the Galaxy -> 200
96/5000: Interstellar -> 200
97/5000: Inception -> 200
98/5000: Shin Godzilla -> 200
99/5000: The Hobbit: An Unexpected Journey -> 200
100/5000: The Fast and the Furious -> 200
101/5000: The Curious Case of Benjamin Button -> 200
102/5000: X-Men: First Class -> 200
103/5000: The Hunger Games: Mockingjay - Part 2 -> 200
104/5000: The Sorcerer's Apprentice -> 200
105/5000: Poseidon -> 200
106/5000: Alice Through the Looking Glass -> 200
107/5000: Shrek the Third -> 200
108/5000: Warcraft -> 200
109/5000: Terminator Genisys -> 200
110/5000: The Chronicles of Narnia: The Voyage of the Dawn Treader -> 200
111/5000: Pearl Harbor -> 200
112/5000: Transformers -> 200
113/5000: Alexander -> 200
114/5000: Harry Potter and the Order of the Phoenix -> 200
115/5000: Harry Potter and the Goblet of Fire -> 200
116/5000: Hancock -> 200
117/5000: I Am Legend -> 200
118/5000: Charlie and the Chocolate Factory -> 200
119/5000: Ratatouille -> 200
120/5000: Batman Begins -> 200
121/5000: Madagascar: Escape 2 Africa -> 200
122/5000: Night at the Museum: Battle of the Smithsonian -> 200
123/5000: X-Men Origins: Wolverine -> 200
124/5000: The Matrix Revolutions -> 200
125/5000: Frozen -> 200
126/5000: The Matrix Reloaded -> 200
127/5000: Thor: The Dark World -> 200
128/5000: Mad Max: Fury Road -> 200
129/5000: Angels & Demons -> 200
130/5000: Thor -> 200
131/5000: Bolt -> 200
132/5000: G-Force -> 200
133/5000: Wrath of the Titans -> 200
134/5000: Dark Shadows -> 200
135/5000: Mission: Impossible - Rogue Nation -> 200
136/5000: The Wolfman -> 200
137/5000: Bee Movie -> 200
138/5000: Kung Fu Panda 2 -> 200
139/5000: The Last Airbender -> 200
140/5000: Mission: Impossible III -> 200
141/5000: White House Down -> 200
142/5000: Mars Needs Moms -> 200
143/5000: Flushed Away -> 200
144/5000: Pan -> 200
145/5000: Mr. Peabody & Sherman -> 200
146/5000: Troy -> 200
147/5000: Madagascar 3: Europe's Most Wanted -> 200
148/5000: Die Another Day -> 200
149/5000: Ghostbusters -> 200
150/5000: Armageddon -> 200
151/5000: Men in Black II -> 200
152/5000: Beowulf -> 200
153/5000: Kung Fu Panda 3 -> 200
154/5000: Mission: Impossible - Ghost Protocol -> 200
155/5000: Rise of the Guardians -> 200
156/5000: Fun with Dick and Jane -> 200
157/5000: The Last Samurai -> 200
158/5000: Exodus: Gods and Kings -> 200
159/5000: Star Trek -> 200
160/5000: Spider-Man -> 200
161/5000: How to Train Your Dragon 2 -> 200
162/5000: Gods of Egypt -> 200
163/5000: Stealth -> 200
164/5000: Watchmen -> 200
165/5000: Lethal Weapon 4 -> 200
166/5000: Hulk -> 200
167/5000: G.I. Joe: Retaliation -> 200
168/5000: Sahara -> 200
169/5000: Final Fantasy: The Spirits Within -> 200
170/5000: Captain America: The First Avenger -> 200
171/5000: The World Is Not Enough -> 200
172/5000: Master and Commander: The Far Side of the World -> 200
173/5000: The Twilight Saga: Breaking Dawn - Part 2 -> 200
174/5000: Happy Feet Two -> 200
175/5000: The Incredible Hulk -> 200
176/5000: The BFG -> 200
177/5000: The Revenant -> 200
178/5000: Turbo -> 200
179/5000: Rango -> 200
180/5000: Penguins of Madagascar -> 200
181/5000: The Bourne Ultimatum -> 200
182/5000: Kung Fu Panda -> 200
183/5000: Ant-Man -> 200
184/5000: The Hunger Games: Catching Fire -> 200
185/5000: Home -> 200
186/5000: War of the Worlds -> 200
187/5000: Bad Boys II -> 200
188/5000: Puss in Boots -> 200
189/5000: Salt -> 200
190/5000: Noah -> 200
191/5000: The Adventures of Tintin -> 200
192/5000: Harry Potter and the Prisoner of Azkaban -> 200
193/5000: Australia -> 200
194/5000: After Earth -> 200
195/5000: Dinosaur -> 200
196/5000: Night at the Museum: Secret of the Tomb -> 200
197/5000: Megamind -> 200
198/5000: Harry Potter and the Philosopher's Stone -> 200
199/5000: R.I.P.D. -> 200
200/5000: Pirates of the Caribbean: The Curse of the Black Pearl -> 200
201/5000: The Hunger Games: Mockingjay - Part 1 -> 200
202/5000: The Da Vinci Code -> 200
203/5000: Rio 2 -> 200
204/5000: X2 -> 200
205/5000: Fast Five -> 200
206/5000: Sherlock Holmes: A Game of Shadows -> 200
207/5000: Clash of the Titans -> 200
208/5000: Total Recall -> 200
209/5000: The 13th Warrior -> 200
210/5000: The Bourne Legacy -> 200
211/5000: Batman & Robin -> 200
212/5000: How the Grinch Stole Christmas -> 200
213/5000: The Day After Tomorrow -> 200
214/5000: Mission: Impossible II -> 200
215/5000: The Perfect Storm -> 200
216/5000: Fantastic 4: Rise of the Silver Surfer -> 200
217/5000: Life of Pi -> 200
218/5000: Ghost Rider -> 200
219/5000: Jason Bourne -> 200
220/5000: Charlie's Angels: Full Throttle -> 200
221/5000: Prometheus -> 200
222/5000: Stuart Little 2 -> 200
223/5000: Elysium -> 200
224/5000: The Chronicles of Riddick -> 200
225/5000: RoboCop -> 200
226/5000: Speed Racer -> 200
227/5000: How Do You Know -> 200
228/5000: Knight and Day -> 200
229/5000: Oblivion -> 200
230/5000: Star Wars: Episode III - Revenge of the Sith -> 200
231/5000: Star Wars: Episode II - Attack of the Clones -> 200
232/5000: Monsters, Inc. -> 200
233/5000: The Wolverine -> 200
234/5000: Star Wars: Episode I - The Phantom Menace -> 200
235/5000: The Croods -> 200
236/5000: Asterix at the Olympic Games -> 200
237/5000: Windtalkers -> 200
238/5000: The Huntsman: Winter's War -> 200
239/5000: Teenage Mutant Ninja Turtles -> 200
240/5000: Gravity -> 200
241/5000: Dante's Peak -> 200
242/5000: Teenage Mutant Ninja Turtles: Out of the Shadows -> 200
243/5000: Fantastic Four -> 200
244/5000: Night at the Museum -> 200
245/5000: San Andreas -> 200
246/5000: Tomorrow Never Dies -> 200
247/5000: The Patriot -> 200
248/5000: Ocean's Twelve -> 200
249/5000: Mr. & Mrs. Smith -> 200
250/5000: Insurgent -> 200
251/5000: The Aviator -> 200
252/5000: Gulliver's Travels -> 200
253/5000: The Green Hornet -> 200
254/5000: 300: Rise of an Empire -> 200
255/5000: The Smurfs -> 200
256/5000: Home on the Range -> 200
257/5000: Allegiant -> 200
258/5000: Real Steel -> 200
259/5000: The Smurfs 2 -> 200
260/5000: Speed 2: Cruise Control -> 200
261/5000: Ender's Game -> 200
262/5000: Live Free or Die Hard -> 200
263/5000: The Lord of the Rings: The Fellowship of the Ring -> 200
264/5000: Around the World in 80 Days -> 200
265/5000: Ali -> 200
266/5000: The Cat in the Hat -> 200
267/5000: I, Robot -> 200
268/5000: Kingdom of Heaven -> 200
269/5000: Stuart Little -> 200
270/5000: The Princess and the Frog -> 200
271/5000: The Martian -> 200
272/5000: The Island -> 200
273/5000: Town & Country -> 200
274/5000: Gone in Sixty Seconds -> 200
275/5000: Gladiator -> 200
276/5000: Minority Report -> 200
277/5000: Harry Potter and the Chamber of Secrets -> 200
278/5000: Casino Royale -> 200
279/5000: Planet of the Apes -> 200
280/5000: Terminator 2: Judgment Day -> 200
281/5000: Public Enemies -> 200
282/5000: American Gangster -> 200
283/5000: True Lies -> 200
284/5000: The Taking of Pelham 1 2 3 -> 200
285/5000: Little Fockers -> 200
286/5000: The Other Guys -> 200
287/5000: Eraser -> 200
288/5000: Django Unchained -> 200
289/5000: The Hunchback of Notre Dame -> 200
290/5000: The Emperor's New Groove -> 200
291/5000: The Expendables 2 -> 200
292/5000: National Treasure -> 200
293/5000: Eragon -> 200
294/5000: Where the Wild Things Are -> 200
295/5000: Epic -> 200
296/5000: The Tourist -> 200
297/5000: End of Days -> 200
298/5000: Blood Diamond -> 200
299/5000: The Wolf of Wall Street -> 200
300/5000: Batman Forever -> 200
301/5000: Starship Troopers -> 200
302/5000: Cloud Atlas -> 200
303/5000: Legend of the Guardians: The Owls of Ga'Hoole -> 200
304/5000: Catwoman -> 200
305/5000: Hercules -> 200
306/5000: Treasure Planet -> 200
307/5000: Land of the Lost -> 200
308/5000: The Expendables 3 -> 200
309/5000: Point Break -> 200
310/5000: Son of the Mask -> 200
311/5000: In the Heart of the Sea -> 200
312/5000: The Adventures of Pluto Nash -> 200
313/5000: Green Zone -> 200
314/5000: The Peanuts Movie -> 200
315/5000: The Spanish Prisoner -> 200
316/5000: The Mummy Returns -> 200
317/5000: Gangs of New York -> 200
318/5000: The Flowers of War -> 200
319/5000: Surf's Up -> 200
320/5000: The Stepford Wives -> 200
321/5000: Black Hawk Down -> 200
322/5000: The Campaign -> 200
323/5000: The Fifth Element -> 200
324/5000: Sex and the City 2 -> 200
325/5000: The Road to El Dorado -> 200
326/5000: Ice Age: Continental Drift -> 200
327/5000: Cinderella -> 200
328/5000: The Lovely Bones -> 200
329/5000: Finding Nemo -> 200
330/5000: The Lord of the Rings: The Return of the King -> 200
331/5000: The Lord of the Rings: The Two Towers -> 200
332/5000: Seventh Son -> 200
333/5000: Lara Croft: Tomb Raider -> 200
334/5000: Transcendence -> 200
335/5000: Jurassic Park III -> 200
336/5000: Rise of the Planet of the Apes -> 200
337/5000: The Spiderwick Chronicles -> 200
338/5000: A Good Day to Die Hard -> 200
339/5000: The Alamo -> 200
340/5000: The Incredibles -> 200
341/5000: Cutthroat Island -> 200
342/5000: Percy Jackson & the Olympians: The Lightning Thief -> 200
343/5000: Men in Black -> 200
344/5000: Toy Story 2 -> 200
345/5000: Unstoppable -> 200
346/5000: Rush Hour 2 -> 200
347/5000: What Lies Beneath -> 200
348/5000: Cloudy with a Chance of Meatballs -> 200
349/5000: Ice Age: Dawn of the Dinosaurs -> 200
350/5000: The Secret Life of Walter Mitty -> 200
351/5000: Charlie's Angels -> 200
352/5000: The Departed -> 200
353/5000: Mulan -> 200
354/5000: Tropic Thunder -> 200
355/5000: The Girl with the Dragon Tattoo -> 200
356/5000: Die Hard: With a Vengeance -> 200
357/5000: Sherlock Holmes -> 200
358/5000: Ben-Hur -> 200
359/5000: Atlantis: The Lost Empire -> 200
360/5000: Alvin and the Chipmunks: The Road Chip -> 200
361/5000: Valkyrie -> 200
362/5000: You Don't Mess with the Zohan -> 200
363/5000: Pixels -> 200
364/5000: A.I. Artificial Intelligence -> 200
365/5000: The Haunted Mansion -> 200
366/5000: Contact -> 200
367/5000: Hollow Man -> 200
368/5000: The Interpreter -> 200
369/5000: Percy Jackson: Sea of Monsters -> 200
370/5000: Lara Croft Tomb Raider: The Cradle of Life -> 200
371/5000: Now You See Me 2 -> 200
372/5000: The Saint -> 200
373/5000: Spy Game -> 200
374/5000: Mission to Mars -> 200
375/5000: Rio -> 200
376/5000: Bicentennial Man -> 200
377/5000: Volcano -> 200
378/5000: The Devil's Own -> 200
379/5000: K-19: The Widowmaker -> 200
380/5000: Conan the Barbarian -> 200
381/5000: Cinderella Man -> 200
382/5000: The Nutcracker: The Untold Story -> 200
383/5000: Seabiscuit -> 200
384/5000: Twister -> 200
385/5000: Cast Away -> 200
386/5000: Happy Feet -> 200
387/5000: The Bourne Supremacy -> 200
388/5000: Air Force One -> 200
389/5000: Ocean's Eleven -> 200
390/5000: The Three Musketeers -> 200
391/5000: Hotel Transylvania -> 200
392/5000: Enchanted -> 200
393/5000: Safe House -> 200
394/5000: 102 Dalmatians -> 200
395/5000: Tower Heist -> 200
396/5000: The Holiday -> 200
397/5000: Enemy of the State -> 200
398/5000: It's Complicated -> 200
399/5000: Ocean's Thirteen -> 200
400/5000: Open Season -> 200
401/5000: Divergent -> 200
402/5000: Enemy at the Gates -> 200
403/5000: The Rundown -> 200
404/5000: Last Action Hero -> 200
405/5000: Memoirs of a Geisha -> 200
406/5000: The Fast and the Furious: Tokyo Drift -> 200
407/5000: Arthur Christmas -> 200
408/5000: Meet Joe Black -> 200
409/5000: Collateral Damage -> 200
410/5000: All That Jazz -> 200
411/5000: Mirror Mirror -> 200
412/5000: Scott Pilgrim vs. the World -> 200
413/5000: The Core -> 200
414/5000: Nutty Professor II: The Klumps -> 200
415/5000: Scooby-Doo -> 200
416/5000: Dredd -> 200
417/5000: Click -> 200
418/5000: Creepshow -> 200
419/5000: Cats & Dogs 2 : The Revenge of Kitty Galore -> 200
420/5000: Jumper -> 200
421/5000: Hellboy II: The Golden Army -> 200
422/5000: Zodiac -> 200
423/5000: The 6th Day -> 200
424/5000: Bruce Almighty -> 200
425/5000: The Expendables -> 200
426/5000: Mission: Impossible -> 200
427/5000: The Hunger Games -> 200
428/5000: The Hangover Part II -> 200
429/5000: Batman Returns -> 200
430/5000: Over the Hedge -> 200
431/5000: Lilo & Stitch -> 200
432/5000: Charlotte's Web -> 200
433/5000: Deep Impact -> 200
434/5000: RED 2 -> 200
435/5000: The Longest Yard -> 200
436/5000: Alvin and the Chipmunks: Chipwrecked -> 200
437/5000: Grown Ups 2 -> 200
438/5000: Get Smart -> 200
439/5000: Something's Gotta Give -> 200
440/5000: Shutter Island -> 200
441/5000: Four Christmases -> 200
442/5000: Robots -> 200
443/5000: Face/Off -> 200
444/5000: Bedtime Stories -> 200
445/5000: Road to Perdition -> 200
446/5000: Just Go with It -> 200
447/5000: Con Air -> 200
448/5000: Eagle Eye -> 200
449/5000: Cold Mountain -> 200
450/5000: The Book of Eli -> 200
451/5000: Flubber -> 200
452/5000: The Haunting -> 200
453/5000: Space Jam -> 200
454/5000: The Pink Panther -> 200
455/5000: The Day the Earth Stood Still -> 200
456/5000: Conspiracy Theory -> 200
457/5000: Fury -> 200
458/5000: Six Days Seven Nights -> 200
459/5000: Yogi Bear -> 200
460/5000: Spirit: Stallion of the Cimarron -> 200
461/5000: Zookeeper -> 200
462/5000: Lost in Space -> 200
463/5000: The Manchurian Candidate -> 200
464/5000: Déjà Vu -> 200
465/5000: Hotel Transylvania 2 -> 200
466/5000: Fantasia 2000 -> 200
467/5000: The Time Machine -> 200
468/5000: Mighty Joe Young -> 200
469/5000: Swordfish -> 200
470/5000: The Legend of Zorro -> 200
471/5000: What Dreams May Come -> 200
472/5000: Little Nicky -> 200
473/5000: The Brothers Grimm -> 200
474/5000: Mars Attacks! -> 200
475/5000: Evolution -> 200
476/5000: The Edge -> 200
477/5000: Surrogates -> 200
478/5000: Thirteen Days -> 200
479/5000: Daylight -> 200
480/5000: Walking With Dinosaurs -> 200
481/5000: Battlefield Earth -> 200
482/5000: Looney Tunes: Back in Action -> 200
483/5000: Nine -> 200
484/5000: Timeline -> 200
485/5000: The Postman -> 200
486/5000: Babe: Pig in the City -> 200
487/5000: The Last Witch Hunter -> 200
488/5000: Red Planet -> 200
489/5000: Arthur and the Invisibles -> 200
490/5000: Oceans -> 200
491/5000: A Sound of Thunder -> 200
492/5000: Pompeii -> 200
493/5000: Top Cat Begins -> 200
494/5000: A Beautiful Mind -> 200
495/5000: The Lion King -> 200
496/5000: Journey 2: The Mysterious Island -> 200
497/5000: Cloudy with a Chance of Meatballs 2 -> 200
498/5000: Red Dragon -> 200
499/5000: Hidalgo -> 200
500/5000: Jack and Jill -> 200
501/5000: 2 Fast 2 Furious -> 200
502/5000: The Little Prince -> 200
503/5000: The Invasion -> 200
504/5000: The Adventures of Rocky & Bullwinkle -> 200
505/5000: The Secret Life of Pets -> 200
506/5000: The League of Extraordinary Gentlemen -> 200
507/5000: Despicable Me 2 -> 200
508/5000: Independence Day -> 200
509/5000: The Lost World: Jurassic Park -> 200
510/5000: Madagascar -> 200
511/5000: Children of Men -> 200
512/5000: X-Men -> 200
513/5000: Wanted -> 200
514/5000: The Rock -> 200
515/5000: Ice Age: The Meltdown -> 200
516/5000: 50 First Dates -> 200
517/5000: Hairspray -> 200
518/5000: Exorcist: The Beginning -> 200
519/5000: Inspector Gadget -> 200
520/5000: Now You See Me -> 200
521/5000: Grown Ups -> 200
522/5000: The Terminal -> 200
523/5000: Hotel for Dogs -> 200
524/5000: Vertical Limit -> 200
525/5000: Charlie Wilson's War -> 200
526/5000: Shark Tale -> 200
527/5000: Dreamgirls -> 200
528/5000: Be Cool -> 200
529/5000: Munich -> 200
530/5000: Tears of the Sun -> 200
531/5000: Killers -> 200
532/5000: The Man from U.N.C.L.E. -> 200
533/5000: Spanglish -> 200
534/5000: Monster House -> 200
535/5000: Bandits -> 200
536/5000: First Knight -> 200
537/5000: Anna and the King -> 200
538/5000: Immortals -> 200
539/5000: Hostage -> 200
540/5000: Titan A.E. -> 200
541/5000: Hollywood Homicide -> 200
542/5000: Soldier -> 200
543/5000: Carriers -> 200
544/5000: Monkeybone -> 200
545/5000: Flight of the Phoenix -> 200
546/5000: Unbreakable -> 200
547/5000: Minions -> 200
548/5000: Sucker Punch -> 200
549/5000: Snake Eyes -> 200
550/5000: Sphere -> 200
551/5000: The Angry Birds Movie -> 200
552/5000: Fool's Gold -> 200
553/5000: Funny People -> 200
554/5000: The Kingdom -> 200
555/5000: Talladega Nights: The Ballad of Ricky Bobby -> 200
556/5000: Dr. Dolittle 2 -> 200
557/5000: Braveheart -> 200
558/5000: Jarhead -> 200
559/5000: The Simpsons Movie -> 200
560/5000: The Majestic -> 200
561/5000: Driven -> 200
562/5000: Two Brothers -> 200
563/5000: The Village -> 200
564/5000: Doctor Dolittle -> 200
565/5000: Signs -> 200
566/5000: Shrek 2 -> 200
567/5000: Cars -> 200
568/5000: Runaway Bride -> 200
569/5000: xXx -> 200
570/5000: The SpongeBob Movie: Sponge Out of Water -> 200
571/5000: Ransom -> 200
572/5000: Inglourious Basterds -> 200
573/5000: Hook -> 200
574/5000: Die Hard 2 -> 200
575/5000: S.W.A.T. -> 200
576/5000: Vanilla Sky -> 200
577/5000: Lady in the Water -> 200
578/5000: AVP: Alien vs. Predator -> 200
579/5000: Alvin and the Chipmunks: The Squeakquel -> 200
580/5000: We Were Soldiers -> 200
581/5000: Olympus Has Fallen -> 200
582/5000: Star Trek: Insurrection -> 200
583/5000: Battle: Los Angeles -> 200
584/5000: Big Fish -> 200
585/5000: Wolf -> 200
586/5000: War Horse -> 200
587/5000: The Monuments Men -> 200
588/5000: The Abyss -> 200
589/5000: Wall Street: Money Never Sleeps -> 200
590/5000: Dracula Untold -> 200
591/5000: The Siege -> 200
592/5000: Stardust -> 200
593/5000: Seven Years in Tibet -> 200
594/5000: The Dilemma -> 200
595/5000: Bad Company -> 200
596/5000: Doom -> 200
597/5000: I Spy -> 200
598/5000: Underworld: Awakening -> 200
599/5000: Rock of Ages -> 200
600/5000: Hart's War -> 200
601/5000: Killer Elite -> 200
602/5000: Rollerball -> 200
603/5000: Ballistic: Ecks vs. Sever -> 200
604/5000: Hard Rain -> 200
605/5000: Osmosis Jones -> 200
606/5000: Legends of Oz: Dorothy's Return -> 200
607/5000: Blackhat -> 200
608/5000: Sky Captain and the World of Tomorrow -> 200
609/5000: Basic Instinct 2 -> 200
610/5000: Escape Plan -> 200
611/5000: The Legend of Hercules -> 200
612/5000: The Sum of All Fears -> 200
613/5000: The Twilight Saga: Eclipse -> 200
614/5000: The Score -> 200
615/5000: Despicable Me -> 200
616/5000: Money Train -> 200
617/5000: Ted 2 -> 200
618/5000: Agora -> 200
619/5000: Mystery Men -> 200
620/5000: Hall Pass -> 200
621/5000: The Insider -> 200
622/5000: The Finest Hours -> 200
623/5000: Body of Lies -> 200
624/5000: Dinner for Schmucks -> 200
625/5000: Abraham Lincoln: Vampire Hunter -> 200
626/5000: Entrapment -> 200
627/5000: The X Files -> 200
628/5000: The Last Legion -> 200
629/5000: Saving Private Ryan -> 200
630/5000: Need for Speed -> 200
631/5000: What Women Want -> 200
632/5000: Ice Age -> 200
633/5000: Dreamcatcher -> 200
634/5000: Lincoln -> 200
635/5000: The Matrix -> 200
636/5000: Apollo 13 -> 200
637/5000: The Santa Clause 2 -> 200
638/5000: Les Misérables -> 200
639/5000: You've Got Mail -> 200
640/5000: Step Brothers -> 200
641/5000: The Mask of Zorro -> 200
642/5000: Due Date -> 200
643/5000: Unbroken -> 200
644/5000: Space Cowboys -> 200
645/5000: Cliffhanger -> 200
646/5000: Broken Arrow -> 200
647/5000: The Kid -> 200
648/5000: World Trade Center -> 200
649/5000: Mona Lisa Smile -> 200
650/5000: The Dictator -> 200
651/5000: Eyes Wide Shut -> 200
652/5000: Annie -> 200
653/5000: Focus -> 200
654/5000: This Means War -> 200
655/5000: Blade: Trinity -> 200
656/5000: Red Dawn -> 200
657/5000: Primary Colors -> 200
658/5000: Resident Evil: Retribution -> 200
659/5000: Death Race -> 200
660/5000: The Long Kiss Goodnight -> 200
661/5000: Proof of Life -> 200
662/5000: Zathura: A Space Adventure -> 200
663/5000: Fight Club -> 200
664/5000: We Are Marshall -> 200
665/5000: Hudson Hawk -> 200
666/5000: Lucky Numbers -> 200
667/5000: I, Frankenstein -> 200
668/5000: Oliver Twist -> 200
669/5000: Elektra -> 200
670/5000: Sin City: A Dame to Kill For -> 200
671/5000: Random Hearts -> 200
672/5000: Everest -> 200
673/5000: Perfume: The Story of a Murderer -> 200
674/5000: Austin Powers in Goldmember -> 200
675/5000: Astro Boy -> 200
676/5000: Jurassic Park -> 200
677/5000: Wyatt Earp -> 200
678/5000: Clear and Present Danger -> 200
679/5000: Dragon Blade -> 200
680/5000: Little Man -> 200
681/5000: U-571 -> 200
682/5000: The American President -> 200
683/5000: The Love Guru -> 200
684/5000: 3000 Miles to Graceland -> 200
685/5000: The Hateful Eight -> 200
686/5000: Blades of Glory -> 200
687/5000: Hop -> 200
688/5000: 300 -> 200
689/5000: Meet the Fockers -> 200
690/5000: Marley & Me -> 200
691/5000: The Green Mile -> 200
692/5000: Wild Hogs -> 200
693/5000: Chicken Little -> 200
694/5000: Gone Girl -> 200
695/5000: The Bourne Identity -> 200
696/5000: GoldenEye -> 200
697/5000: The General's Daughter -> 200
698/5000: The Truman Show -> 200
699/5000: The Prince of Egypt -> 200
700/5000: Daddy Day Care -> 200
701/5000: 2 Guns -> 200
702/5000: Cats & Dogs -> 200
703/5000: The Italian Job -> 200
704/5000: Two Weeks Notice -> 200
705/5000: Antz -> 200
706/5000: Couples Retreat -> 200
707/5000: Days of Thunder -> 200
708/5000: Cheaper by the Dozen 2 -> 200
709/5000: Maze Runner: The Scorch Trials -> 200
710/5000: Eat Pray Love -> 200
711/5000: The Family Man -> 200
712/5000: RED -> 200
713/5000: Any Given Sunday -> 200
714/5000: The Horse Whisperer -> 200
715/5000: Collateral -> 200
716/5000: The Scorpion King -> 200
717/5000: Ladder 49 -> 200
718/5000: Jack Reacher -> 200
719/5000: Deep Blue Sea -> 200
720/5000: This Is It -> 200
721/5000: Contagion -> 200
722/5000: Kangaroo Jack -> 200
723/5000: Coraline -> 200
724/5000: The Happening -> 200
725/5000: Man on Fire -> 200
726/5000: The Shaggy Dog -> 200
727/5000: Starsky & Hutch -> 200
728/5000: Jingle All the Way -> 200
729/5000: Hellboy -> 200
730/5000: A Civil Action -> 200
731/5000: ParaNorman -> 200
732/5000: The Jackal -> 200
733/5000: Paycheck -> 200
734/5000: Up Close & Personal -> 200
735/5000: The Tale of Despereaux -> 200
736/5000: The Tuxedo -> 200
737/5000: Under Siege 2: Dark Territory -> 200
738/5000: Jack Ryan: Shadow Recruit -> 200
739/5000: Joy -> 200
740/5000: London Has Fallen -> 200
741/5000: Alien: Resurrection -> 200
742/5000: Shooter -> 200
743/5000: The Boxtrolls -> 200
744/5000: Practical Magic -> 200
745/5000: The Lego Movie -> 200
746/5000: Miss Congeniality 2: Armed and Fabulous -> 200
747/5000: Reign of Fire -> 200
748/5000: Gangster Squad -> 200
749/5000: Year One -> 200
750/5000: Invictus -> 200
751/5000: State of Play -> 200
752/5000: Duplicity -> 200
753/5000: My Favorite Martian -> 200
754/5000: The Sentinel -> 200
755/5000: Planet 51 -> 200
756/5000: Star Trek: Nemesis -> 200
757/5000: Intolerable Cruelty -> 200
758/5000: Trouble with the Curve -> 200
759/5000: Edge of Darkness -> 200
760/5000: The Relic -> 200
761/5000: Analyze That -> 200
762/5000: Righteous Kill -> 200
763/5000: Mercury Rising -> 200
764/5000: The Soloist -> 200
765/5000: The Legend of Bagger Vance -> 200
766/5000: Almost Famous -> 200
767/5000: Garfield: A Tail of Two Kitties -> 200
768/5000: xXx: State of the Union -> 200
769/5000: Priest -> 200
770/5000: Sinbad: Legend of the Seven Seas -> 200
771/5000: Event Horizon -> 200
772/5000: Dragonfly -> 200
773/5000: The Black Dahlia -> 200
774/5000: Flyboys -> 200
775/5000: The Last Castle -> 200
776/5000: Supernova -> 200
777/5000: Winter's Tale -> 200
778/5000: The Mortal Instruments: City of Bones -> 200
779/5000: Meet Dave -> 200
780/5000: Dark Water -> 200
781/5000: Edtv -> 200
782/5000: Inkheart -> 200
783/5000: The Spirit -> 200
784/5000: Mortdecai -> 200
785/5000: In the Name of the King: A Dungeon Siege Tale -> 200
786/5000: Beyond Borders -> 200
787/5000: The Monkey King 2 -> 200
788/5000: The Great Raid -> 200
789/5000: Deadpool -> 200
790/5000: Holy Man -> 200
791/5000: American Sniper -> 200
792/5000: Goosebumps -> 200
793/5000: Just Like Heaven -> 200
794/5000: The Flintstones in Viva Rock Vegas -> 200
795/5000: Rambo III -> 200
796/5000: Leatherheads -> 200
797/5000: The Ridiculous 6 -> 200
798/5000: Did You Hear About the Morgans? -> 200
799/5000: The Internship -> 200
800/5000: Resident Evil: Afterlife -> 200
801/5000: Red Tails -> 200
802/5000: The Devil's Advocate -> 200
803/5000: That's My Boy -> 200
804/5000: DragonHeart -> 200
805/5000: After the Sunset -> 200
806/5000: Ghost Rider: Spirit of Vengeance -> 200
807/5000: Captain Corelli's Mandolin -> 200
808/5000: The Pacifier -> 200
809/5000: Walking Tall -> 200
810/5000: Forrest Gump -> 200
811/5000: Alvin and the Chipmunks -> 200
812/5000: Meet the Parents -> 200
813/5000: Pocahontas -> 200
814/5000: Superman -> 200
815/5000: The Nutty Professor -> 200
816/5000: Hitch -> 200
817/5000: George of the Jungle -> 200
818/5000: American Wedding -> 200
819/5000: Captain Phillips -> 200
820/5000: Date Night -> 200
821/5000: Casper -> 200
822/5000: The Equalizer -> 200
823/5000: Maid in Manhattan -> 200
824/5000: Crimson Tide -> 200
825/5000: The Pursuit of Happyness -> 200
826/5000: Flightplan -> 200
827/5000: Disclosure -> 200
828/5000: City of Angels -> 200
829/5000: Kill Bill: Vol. 1 -> 200
830/5000: Bowfinger -> 200
831/5000: Kill Bill: Vol. 2 -> 200
832/5000: Tango & Cash -> 200
833/5000: Death Becomes Her -> 200
834/5000: Shanghai Noon -> 200
835/5000: Executive Decision -> 200
836/5000: Mr. Popper's Penguins -> 200
837/5000: The Forbidden Kingdom -> 200
838/5000: Free Birds -> 200
839/5000: Alien³ -> 200
840/5000: Evita -> 200
841/5000: Ronin -> 200
842/5000: The Ghost and the Darkness -> 200
843/5000: Paddington -> 200
844/5000: The Watch -> 200
845/5000: The Hunted -> 200
846/5000: Instinct -> 200
847/5000: Stuck on You -> 200
848/5000: Semi-Pro -> 200
849/5000: The Pirates! In an Adventure with Scientists! -> 200
850/5000: Changeling -> 200
851/5000: Chain Reaction -> 200
852/5000: The Fan -> 200
853/5000: The Phantom of the Opera -> 200
854/5000: Elizabeth: The Golden Age -> 200
855/5000: Æon Flux -> 200
856/5000: Gods and Generals -> 200
857/5000: Turbulence -> 200
858/5000: Imagine That -> 200
859/5000: Muppets Most Wanted -> 200
860/5000: Thunderbirds -> 200
861/5000: Burlesque -> 200
862/5000: A Very Long Engagement -> 200
863/5000: Lolita -> 200
864/5000: D-Tox -> 200
865/5000: Blade II -> 200
866/5000: Seven Pounds -> 200
867/5000: Bullet to the Head -> 200
868/5000: The Godfather: Part III -> 200
869/5000: Elizabethtown -> 200
870/5000: You, Me and Dupree -> 200
871/5000: Superman II -> 200
872/5000: Gigli -> 200
873/5000: All the King's Men -> 200
874/5000: Shaft -> 200
875/5000: Anastasia -> 200
876/5000: Moulin Rouge! -> 200
877/5000: Domestic Disturbance -> 200
878/5000: Black Mass -> 200
879/5000: Flags of Our Fathers -> 200
880/5000: Law Abiding Citizen -> 200
881/5000: Grindhouse -> 200
882/5000: Beloved -> 200
883/5000: Lucky You -> 200
884/5000: Catch Me If You Can -> 200
885/5000: Zero Dark Thirty -> 200
886/5000: The Break-Up -> 200
887/5000: Mamma Mia! -> 200
888/5000: Valentine's Day -> 200
889/5000: The Dukes of Hazzard -> 200
890/5000: The Thin Red Line -> 200
891/5000: The Change-Up -> 200
892/5000: Man on the Moon -> 200
893/5000: Casino -> 200
894/5000: From Paris with Love -> 200
895/5000: Bulletproof Monk -> 200
896/5000: Me, Myself & Irene -> 200
897/5000: Barnyard -> 200
898/5000: Deck the Halls -> 200
899/5000: The Twilight Saga: New Moon -> 200
900/5000: Shrek -> 200
901/5000: The Adjustment Bureau -> 200
902/5000: Robin Hood: Prince of Thieves -> 200
903/5000: Jerry Maguire -> 200
904/5000: Ted -> 200
905/5000: As Good as It Gets -> 200
906/5000: Patch Adams -> 200
907/5000: Anchorman 2: The Legend Continues -> 200
908/5000: Mr. Deeds -> 200
909/5000: Super 8 -> 200
910/5000: Erin Brockovich -> 200
911/5000: How to Lose a Guy in 10 Days -> 200
912/5000: 22 Jump Street -> 200
913/5000: Interview with the Vampire -> 200
914/5000: Yes Man -> 200
915/5000: Central Intelligence -> 200
916/5000: Stepmom -> 200
917/5000: Daddy's Home -> 200
918/5000: Into the Woods -> 200
919/5000: Inside Man -> 200
920/5000: Payback -> 200
921/5000: Congo -> 200
922/5000: We Bought a Zoo -> 200
923/5000: Knowing -> 200
924/5000: Failure to Launch -> 200
925/5000: The Ring Two -> 200
926/5000: Crazy, Stupid, Love. -> 200
927/5000: Garfield -> 200
928/5000: Christmas with the Kranks -> 200
929/5000: Moneyball -> 200
930/5000: Outbreak -> 200
931/5000: Non-Stop -> 200
932/5000: Race to Witch Mountain -> 200
933/5000: V for Vendetta -> 200
934/5000: Shanghai Knights -> 200
935/5000: Curious George -> 200
936/5000: Herbie Fully Loaded -> 200
937/5000: Don't Say a Word -> 200
938/5000: Hansel & Gretel: Witch Hunters -> 200
939/5000: Unfaithful -> 200
940/5000: I Am Number Four -> 200
941/5000: Syriana -> 200
942/5000: 13 Hours: The Secret Soldiers of Benghazi -> 200
943/5000: The Book of Life -> 200
944/5000: Firewall -> 200
945/5000: Absolute Power -> 200
946/5000: G.I. Jane -> 200
947/5000: The Game -> 200
948/5000: Silent Hill -> 200
949/5000: The Replacements -> 200
950/5000: American Reunion -> 200
951/5000: The Negotiator -> 200
952/5000: Into the Storm -> 200
953/5000: Beverly Hills Cop III -> 200
954/5000: Gremlins 2: The New Batch -> 200
955/5000: The Judge -> 200
956/5000: The Peacemaker -> 200
957/5000: Resident Evil: Apocalypse -> 200
958/5000: Bridget Jones: The Edge of Reason -> 200
959/5000: Out of Time -> 200
960/5000: On Deadly Ground -> 200
961/5000: The Adventures of Sharkboy and Lavagirl -> 200
962/5000: The Beach -> 200
963/5000: Raising Helen -> 200
964/5000: Ninja Assassin -> 200
965/5000: For Love of the Game -> 200
966/5000: Striptease -> 200
967/5000: Marmaduke -> 200
968/5000: Hereafter -> 200
969/5000: Murder by Numbers -> 200
970/5000: Assassins -> 200
971/5000: Hannibal Rising -> 200
972/5000: The Story of Us -> 200
973/5000: The Host -> 200
974/5000: Basic -> 200
975/5000: Blood Work -> 200
976/5000: The International -> 200
977/5000: Escape from L.A. -> 200
978/5000: The Iron Giant -> 200
979/5000: The Life Aquatic with Steve Zissou -> 200
980/5000: Free State of Jones -> 200
981/5000: The Life of David Gale -> 200
982/5000: Man of the House -> 200
983/5000: Run All Night -> 200
984/5000: Eastern Promises -> 200
985/5000: Into the Blue -> 200
986/5000: The Messenger: The Story of Joan of Arc -> 200
987/5000: Your Highness -> 200
988/5000: Dream House -> 200
989/5000: Mad City -> 200
990/5000: Baby's Day Out -> 200
991/5000: The Scarlet Letter -> 200
992/5000: Fair Game -> 200
993/5000: Domino -> 200
994/5000: Jade -> 200
995/5000: Gamer -> 200
996/5000: Beautiful Creatures -> 200
997/5000: Death to Smoochy -> 200
998/5000: Zoolander 2 -> 200
999/5000: The Big Bounce -> 200
1000/5000: What Planet Are You From? -> 200
1001/5000: Drive Angry -> 200
1002/5000: Street Fighter: The Legend of Chun-Li -> 200
1003/5000: The One -> 200
1004/5000: The Adventures of Ford Fairlane -> 200
1005/5000: The Boat That Rocked -> 200
1006/5000: Traffic -> 200
1007/5000: Indiana Jones and the Last Crusade -> 200
1008/5000: Anna Karenina -> 200
1009/5000: Chappie -> 200
1010/5000: The Bone Collector -> 200
1011/5000: Panic Room -> 200
1012/5000: The Tooth Fairy -> 200
1013/5000: Three Kings -> 200
1014/5000: Child 44 -> 200
1015/5000: Rat Race -> 200
1016/5000: K-PAX -> 200
1017/5000: Kate & Leopold -> 200
1018/5000: Bedazzled -> 200
1019/5000: The Cotton Club -> 200
1020/5000: 3:10 to Yuma -> 200
1021/5000: Taken 3 -> 200
1022/5000: Out of Sight -> 200
1023/5000: The Cable Guy -> 200
1024/5000: Earth -> 200
1025/5000: Dick Tracy -> 200
1026/5000: The Thomas Crown Affair -> 200
1027/5000: Riding in Cars with Boys -> 200
1028/5000: First Blood -> 200
1029/5000: Solaris -> 200
1030/5000: Happily N'Ever After -> 200
1031/5000: Mary Reilly -> 200
1032/5000: My Best Friend's Wedding -> 200
1033/5000: America's Sweethearts -> 200
1034/5000: Insomnia -> 200
1035/5000: Star Trek: First Contact -> 200
1036/5000: Jonah Hex -> 200
1037/5000: Courage Under Fire -> 200
1038/5000: Liar Liar -> 200
1039/5000: The Infiltrator -> 200
1040/5000: Inchon -> 200
1041/5000: The Flintstones -> 200
1042/5000: Taken 2 -> 200
1043/5000: Scary Movie 3 -> 200
1044/5000: Miss Congeniality -> 200
1045/5000: Journey to the Center of the Earth -> 200
1046/5000: The Princess Diaries 2: Royal Engagement -> 200
1047/5000: The Pelican Brief -> 200
1048/5000: The Client -> 200
1049/5000: The Bucket List -> 200
1050/5000: Patriot Games -> 200
1051/5000: Monster-in-Law -> 200
1052/5000: Prisoners -> 200
1053/5000: Training Day -> 200
1054/5000: Galaxy Quest -> 200
1055/5000: Scary Movie 2 -> 200
1056/5000: The Muppets -> 200
1057/5000: Blade -> 200
1058/5000: Coach Carter -> 200
1059/5000: Changing Lanes -> 200
1060/5000: Anaconda -> 200
1061/5000: Coyote Ugly -> 200
1062/5000: Love Actually -> 200
1063/5000: A Bug's Life -> 200
1064/5000: From Hell -> 200
1065/5000: The Specialist -> 200
1066/5000: Tin Cup -> 200
1067/5000: Yours, Mine and Ours -> 200
1068/5000: Kicking & Screaming -> 200
1069/5000: The Hitchhiker's Guide to the Galaxy -> 200
1070/5000: Fat Albert -> 200
1071/5000: Resident Evil: Extinction -> 200
1072/5000: Blended -> 200
1073/5000: Last Holiday -> 200
1074/5000: The River Wild -> 200
1075/5000: The Indian in the Cupboard -> 200
1076/5000: Savages -> 200
1077/5000: Cellular -> 200
1078/5000: Johnny English -> 200
1079/5000: The Ant Bully -> 200
1080/5000: Dune -> 200
1081/5000: Across the Universe -> 200
1082/5000: Revolutionary Road -> 200
1083/5000: 16 Blocks -> 200
1084/5000: Babylon A.D. -> 200
1085/5000: The Glimmer Man -> 200
1086/5000: Multiplicity -> 200
1087/5000: Aliens in the Attic -> 200
1088/5000: The Pledge -> 200
1089/5000: The Producers -> 200
1090/5000: The Phantom -> 200
1091/5000: All the Pretty Horses -> 200
1092/5000: Nixon -> 200
1093/5000: The Ghost Writer -> 200
1094/5000: Deep Rising -> 200
1095/5000: Miracle at St. Anna -> 200
1096/5000: Curse of the Golden Flower -> 200
1097/5000: Bangkok Dangerous -> 200
1098/5000: Big Trouble -> 200
1099/5000: Love in the Time of Cholera -> 200
1100/5000: Shadow Conspiracy -> 200
1101/5000: Johnny English Reborn -> 200
1102/5000: Foodfight! -> 200
1103/5000: Argo -> 200
1104/5000: The Fugitive -> 200
1105/5000: The Bounty Hunter -> 200
1106/5000: Sleepers -> 200
1107/5000: Rambo: First Blood Part II -> 200
1108/5000: The Juror -> 200
1109/5000: Pinocchio -> 200
1110/5000: Heaven's Gate -> 200
1111/5000: Underworld: Evolution -> 200
1112/5000: Victor Frankenstein -> 200
1113/5000: Finding Forrester -> 200
1114/5000: 28 Days -> 200
1115/5000: Unleashed -> 200
1116/5000: The Sweetest Thing -> 200
1117/5000: The Firm -> 200
1118/5000: Charlie St. Cloud -> 200
1119/5000: The Mechanic -> 200
1120/5000: 21 Jump Street -> 200
1121/5000: Notting Hill -> 200
1122/5000: Chicken Run -> 200
1123/5000: Along Came Polly -> 200
1124/5000: Boomerang -> 200
1125/5000: The Heat -> 200
1126/5000: Cleopatra -> 200
1127/5000: Here Comes the Boom -> 200
1128/5000: High Crimes -> 200
1129/5000: The Mirror Has Two Faces -> 200
1130/5000: The Mothman Prophecies -> 200
1131/5000: Brüno -> 200
1132/5000: Licence to Kill -> 200
1133/5000: Red Riding Hood -> 200
1134/5000: 15 Minutes -> 200
1135/5000: Super Mario Bros. -> 200
1136/5000: Lord of War -> 200
1137/5000: Hero -> 200
1138/5000: One for the Money -> 200
1139/5000: The Interview -> 200
1140/5000: The Warrior's Way -> 200
1141/5000: Micmacs -> 200
1142/5000: 8 Mile -> 200
1143/5000: Why I Did (Not) Eat My Father -> 200
1144/5000: A Knight's Tale -> 200
1145/5000: The Medallion -> 200
1146/5000: The Sixth Sense -> 200
1147/5000: Man on a Ledge -> 200
1148/5000: The Big Year -> 200
1149/5000: The Karate Kid -> 200
1150/5000: American Hustle -> 200
1151/5000: The Proposal -> 200
1152/5000: Double Jeopardy -> 200
1153/5000: Back to the Future Part II -> 200
1154/5000: Lucy -> 200
1155/5000: Fifty Shades of Grey -> 200
1156/5000: Spy Kids 3-D: Game Over -> 200
1157/5000: A Time to Kill -> 200
1158/5000: Cheaper by the Dozen -> 200
1159/5000: Lone Survivor -> 200
1160/5000: A League of Their Own -> 200
1161/5000: The Conjuring 2 -> 200
1162/5000: The Social Network -> 200
1163/5000: He's Just Not That Into You -> 200
1164/5000: Scary Movie 4 -> 200
1165/5000: Scream 3 -> 200
1166/5000: Back to the Future Part III -> 200
1167/5000: Get Hard -> 200
1168/5000: Dracula -> 200
1169/5000: Julie & Julia -> 200
1170/5000: 42 -> 200
1171/5000: The Talented Mr. Ripley -> 200
1172/5000: Dumb and Dumber To -> 200
1173/5000: Eight Below -> 200
1174/5000: The Intern -> 200
1175/5000: Ride Along 2 -> 200
1176/5000: The Last of the Mohicans -> 200
1177/5000: Ray -> 200
1178/5000: Sin City -> 200
1179/5000: Vantage Point -> 200
1180/5000: I Love You, Man -> 200
1181/5000: Shallow Hal -> 200
1182/5000: JFK -> 200
1183/5000: Big Momma's House 2 -> 200
1184/5000: The Mexican -> 200
1185/5000: 17 Again -> 200
1186/5000: The Other Woman -> 200
1187/5000: The Final Destination -> 200
1188/5000: Bridge of Spies -> 200
1189/5000: Behind Enemy Lines -> 200
1190/5000: Get Him to the Greek -> 200
1191/5000: Shall We Dance? -> 200
1192/5000: Small Soldiers -> 200
1193/5000: Spawn -> 200
1194/5000: The Count of Monte Cristo -> 200
1195/5000: The Lincoln Lawyer -> 200
1196/5000: Unknown -> 200
1197/5000: The Prestige -> 200
1198/5000: Horrible Bosses 2 -> 200
1199/5000: Escape from Planet Earth -> 200
1200/5000: Apocalypto -> 200
1201/5000: The Living Daylights -> 200
1202/5000: Predators -> 200
1203/5000: Legal Eagles -> 200
1204/5000: Secret Window -> 200
1205/5000: The Lake House -> 200
1206/5000: The Skeleton Key -> 200
1207/5000: The Odd Life of Timothy Green -> 200
1208/5000: Made of Honor -> 200
1209/5000: Jersey Boys -> 200
1210/5000: The Rainmaker -> 200
1211/5000: Gothika -> 200
1212/5000: Amistad -> 200
1213/5000: Medicine Man -> 200
1214/5000: Aliens vs Predator: Requiem -> 200
1215/5000: Ri¢hie Ri¢h -> 200
1216/5000: Autumn in New York -> 200
1217/5000: Music and Lyrics -> 200
1218/5000: Paul -> 200
1219/5000: The Guilt Trip -> 200
1220/5000: Scream 4 -> 200
1221/5000: 8MM -> 200
1222/5000: The Doors -> 200
1223/5000: Sex Tape -> 200
1224/5000: Hanging Up -> 200
1225/5000: Final Destination 5 -> 200
1226/5000: Mickey Blue Eyes -> 200
1227/5000: Pay It Forward -> 200
1228/5000: Fever Pitch -> 200
1229/5000: Drillbit Taylor -> 200
1230/5000: A Million Ways to Die in the West -> 200
1231/5000: The Shadow -> 200
1232/5000: Extremely Loud & Incredibly Close -> 200
1233/5000: Morning Glory -> 200
1234/5000: Get Rich or Die Tryin' -> 200
1235/5000: The Art of War -> 200
1236/5000: Rent -> 200
1237/5000: Bless the Child -> 200
1238/5000: The Out-of-Towners -> 200
1239/5000: The Island of Dr. Moreau -> 200
1240/5000: The Musketeer -> 200
1241/5000: The Other Boleyn Girl -> 200
1242/5000: Sweet November -> 200
1243/5000: The Reaping -> 200
1244/5000: Mean Streets -> 200
1245/5000: Renaissance Man -> 200
1246/5000: Colombiana -> 200
1247/5000: Quest for Camelot -> 200
1248/5000: City By The Sea -> 200
1249/5000: At First Sight -> 200
1250/5000: Torque -> 200
1251/5000: City Hall -> 200
1252/5000: Showgirls -> 200
1253/5000: Marie Antoinette -> 200
1254/5000: Kiss of Death -> 200
1255/5000: Get Carter -> 200
1256/5000: The Impossible -> 200
1257/5000: Ishtar -> 200
1258/5000: Fantastic Mr. Fox -> 200
1259/5000: Life or Something Like It -> 200
1260/5000: Memoirs of an Invisible Man -> 200
1261/5000: Amélie -> 200
1262/5000: New York Minute -> 200
1263/5000: Alfie -> 200
1264/5000: Big Miracle -> 200
1265/5000: The Deep End of the Ocean -> 200
1266/5000: FearDotCom -> 200
1267/5000: Cirque du Freak: The Vampire's Assistant -> 200
1268/5000: Duplex -> 200
1269/5000: Soul Men -> 200
1270/5000: Raise the Titanic -> 200
1271/5000: Universal Soldier: The Return -> 200
1272/5000: Pandorum -> 200
1273/5000: Impostor -> 200
1274/5000: Extreme Ops -> 200
1275/5000: Just Visiting -> 200
1276/5000: Sunshine -> 200
1277/5000: A Thousand Words -> 200
1278/5000: Delgo -> 200
1279/5000: The Gunman -> 200
1280/5000: Stormbreaker -> 200
1281/5000: Disturbia -> 200
1282/5000: Hackers -> 200
1283/5000: The Hunting Party -> 200
1284/5000: The Hudsucker Proxy -> 200
1285/5000: The Warlords -> 200
1286/5000: Nomad: The Warrior -> 200
1287/5000: Snowpiercer -> 200
1288/5000: A Monster in Paris -> 200
1289/5000: The Last Shot -> 200
1290/5000: The Crow -> 200
1291/5000: Baahubali: The Beginning -> 200
1292/5000: The Time Traveler's Wife -> 200
1293/5000: Because I Said So -> 200
1294/5000: Frankenweenie -> 200
1295/5000: Serenity -> 200
1296/5000: Against the Ropes -> 200
1297/5000: Superman III -> 200
1298/5000: Grudge Match -> 200
1299/5000: Red Cliff -> 200
1300/5000: Sweet Home Alabama -> 200
1301/5000: The Ugly Truth -> 200
1302/5000: Sgt. Bilko -> 200
1303/5000: Spy Kids 2: The Island of Lost Dreams -> 200
1304/5000: Star Trek: Generations -> 200
1305/5000: The Grandmaster -> 200
1306/5000: Water for Elephants -> 200
1307/5000: Dragon Nest: Warriors' Dawn -> 200
1308/5000: The Hurricane -> 200
1309/5000: Enough -> 200
1310/5000: Heartbreakers -> 200
1311/5000: Paul Blart: Mall Cop 2 -> 200
1312/5000: Angel Eyes -> 200
1313/5000: Joe Somebody -> 200
1314/5000: The Ninth Gate -> 200
1315/5000: Extreme Measures -> 200
1316/5000: Rock Star -> 200
1317/5000: Precious -> 200
1318/5000: White Squall -> 200
1319/5000: The Thing -> 200
1320/5000: Riddick -> 200
1321/5000: Switchback -> 200
1322/5000: Texas Rangers -> 200
1323/5000: City of Ember -> 200
1324/5000: The Master -> 200
1325/5000: Virgin Territory -> 200
1326/5000: The Express -> 200
1327/5000: The 5th Wave -> 200
1328/5000: Creed -> 200
1329/5000: The Town -> 200
1330/5000: What to Expect When You're Expecting -> 200
1331/5000: Burn After Reading -> 200
1332/5000: Nim's Island -> 200
1333/5000: Rush -> 200
1334/5000: Magnolia -> 200
1335/5000: Cop Out -> 200
1336/5000: How to Be Single -> 200
1337/5000: Dolphin Tale -> 200
1338/5000: Twilight -> 200
1339/5000: John Q -> 200
1340/5000: Blue Streak -> 200
1341/5000: We're the Millers -> 200
1342/5000: The Inhabited Island -> 200
1343/5000: Breakdown -> 200
1344/5000: Never Say Never Again -> 200
1345/5000: Hot Tub Time Machine -> 200
1346/5000: Dolphin Tale 2 -> 200
1347/5000: Reindeer Games -> 200
1348/5000: A Man Apart -> 200
1349/5000: Aloha -> 200
1350/5000: Ghosts of Mississippi -> 200
1351/5000: Snow Falling on Cedars -> 200
1352/5000: The Rite -> 200
1353/5000: Gattaca -> 200
1354/5000: Isn't She Great -> 200
1355/5000: Space Chimps -> 200
1356/5000: Head of State -> 200
1357/5000: The Hangover -> 200
1358/5000: Ip Man 3 -> 200
1359/5000: Austin Powers: The Spy Who Shagged Me -> 200
1360/5000: Batman -> 200
1361/5000: There Be Dragons -> 200
1362/5000: Lethal Weapon 3 -> 200
1363/5000: The Blind Side -> 200
1364/5000: Spy Kids -> 200
1365/5000: Horrible Bosses -> 200
1366/5000: True Grit -> 200
1367/5000: The Devil Wears Prada -> 200
1368/5000: Star Trek: The Motion Picture -> 200
1369/5000: Identity Thief -> 200
1370/5000: Cape Fear -> 200
1371/5000: 21 -> 200
1372/5000: Trainwreck -> 200
1373/5000: Guess Who -> 200
1374/5000: The English Patient -> 200
1375/5000: L.A. Confidential -> 200
1376/5000: Sky High -> 200
1377/5000: In & Out -> 200
1378/5000: Species -> 200
1379/5000: A Nightmare on Elm Street -> 200
1380/5000: The Cell -> 200
1381/5000: The Man in the Iron Mask -> 200
1382/5000: Secretariat -> 200
1383/5000: TMNT -> 200
1384/5000: Radio -> 200
1385/5000: Friends with Benefits -> 200
1386/5000: Neighbors 2: Sorority Rising -> 200
1387/5000: Saving Mr. Banks -> 200
1388/5000: Malcolm X -> 200
1389/5000: This Is 40 -> 200
1390/5000: Old Dogs -> 200
1391/5000: Underworld: Rise of the Lycans -> 200
1392/5000: License to Wed -> 200
1393/5000: The Benchwarmers -> 200
1394/5000: Must Love Dogs -> 200
1395/5000: Donnie Brasco -> 200
1396/5000: Resident Evil -> 200
1397/5000: Poltergeist -> 200
1398/5000: The Ladykillers -> 200
1399/5000: Max Payne -> 200
1400/5000: In Time -> 200
1401/5000: The Back-Up Plan -> 200
1402/5000: Something Borrowed -> 200
1403/5000: Black Knight -> 200
1404/5000: The Bad News Bears -> 200
1405/5000: Street Fighter -> 200
1406/5000: The Pianist -> 200
1407/5000: The Nativity Story -> 200
1408/5000: House of Wax -> 200
1409/5000: Closer -> 200
1410/5000: J. Edgar -> 200
1411/5000: Mirrors -> 200
1412/5000: Queen of the Damned -> 200
1413/5000: Predator 2 -> 200
1414/5000: Untraceable -> 200
1415/5000: Blast from the Past -> 200
1416/5000: Flash Gordon -> 200
1417/5000: Jersey Girl -> 200
1418/5000: Alex Cross -> 200
1419/5000: Midnight in the Garden of Good and Evil -> 200
1420/5000: Heist -> 200
1421/5000: Nanny McPhee and the Big Bang -> 200
1422/5000: Hoffa -> 200
1423/5000: The X Files: I Want to Believe -> 200
1424/5000: Ella Enchanted -> 200
1425/5000: Concussion -> 200
1426/5000: Abduction -> 200
1427/5000: Valiant -> 200
1428/5000: Wonder Boys -> 200
1429/5000: Superhero Movie -> 200
1430/5000: Broken City -> 200
1431/5000: Cursed -> 200
1432/5000: Premium Rush -> 200
1433/5000: Hot Pursuit -> 200
1434/5000: The Four Feathers -> 200
1435/5000: Parker -> 200
1436/5000: Wimbledon -> 200
1437/5000: Furry Vengeance -> 200
1438/5000: Bait -> 200
1439/5000: Krull -> 200
1440/5000: Lions for Lambs -> 200
1441/5000: Flight of the Intruder -> 200
1442/5000: Walk Hard: The Dewey Cox Story -> 200
1443/5000: The Shipping News -> 200
1444/5000: American Outlaws -> 200
1445/5000: The Young Victoria -> 200
1446/5000: Whiteout -> 200
1447/5000: The Tree of Life -> 200
1448/5000: Knock Off -> 200
1449/5000: Sabotage -> 200
1450/5000: The Order -> 200
1451/5000: Punisher: War Zone -> 200
1452/5000: Zoom -> 200
1453/5000: The Walk -> 200
1454/5000: Warriors of Virtue -> 200
1455/5000: A Good Year -> 200
1456/5000: Radio Flyer -> 200
1457/5000: Bound by Honor -> 200
1458/5000: Smilla's Sense of Snow -> 200
1459/5000: Femme Fatale -> 200
1460/5000: Lion of the Desert -> 200
1461/5000: The Horseman on the Roof -> 200
1462/5000: Ride with the Devil -> 200
1463/5000: Biutiful -> 200
1464/5000: Bandidas -> 200
1465/5000: Black Water Transit -> 200
1466/5000: The Maze Runner -> 200
1467/5000: Unfinished Business -> 200
1468/5000: The Age of Innocence -> 200
1469/5000: The Fountain -> 200
1470/5000: Chill Factor -> 200
1471/5000: Stolen -> 200
1472/5000: Ponyo -> 200
1473/5000: The Longest Ride -> 200
1474/5000: The Astronaut's Wife -> 200
1475/5000: I Dreamed of Africa -> 200
1476/5000: Playing for Keeps -> 200
1477/5000: Mandela: Long Walk to Freedom -> 200
1478/5000: Reds -> 200
1479/5000: A Few Good Men -> 200
1480/5000: Exit Wounds -> 200
1481/5000: Big Momma's House -> 200
1482/5000: Thunder and the House of Magic -> 200
1483/5000: The Darkest Hour -> 200
1484/5000: Step Up Revolution -> 200
1485/5000: Snakes on a Plane -> 200
1486/5000: The Watcher -> 200
1487/5000: The Punisher -> 200
1488/5000: Goal!: The Dream Begins -> 200
1489/5000: Safe -> 200
1490/5000: Pushing Tin -> 200
1491/5000: Return of the Jedi -> 200
1492/5000: Doomsday -> 200
1493/5000: The Reader -> 200
1494/5000: Wanderlust -> 200
1495/5000: Elf -> 200
1496/5000: Phenomenon -> 200
1497/5000: Snow Dogs -> 200
1498/5000: Scrooged -> 200
1499/5000: Nacho Libre -> 200
1500/5000: Bridesmaids -> 200
1501/5000: This Is the End -> 200
1502/5000: Stigmata -> 200
1503/5000: Men of Honor -> 200
1504/5000: Takers -> 200
1505/5000: The Big Wedding -> 200
1506/5000: Big Mommas: Like Father, Like Son -> 200
1507/5000: Source Code -> 200
1508/5000: Alive -> 200
1509/5000: The Number 23 -> 200
1510/5000: The Young and Prodigious T.S. Spivet -> 200
1511/5000: 1941 -> 200
1512/5000: Dreamer: Inspired By a True Story -> 200
1513/5000: A History of Violence -> 200
1514/5000: Transporter 2 -> 200
1515/5000: The Quick and the Dead -> 200
1516/5000: Laws of Attraction -> 200
1517/5000: Bringing Out the Dead -> 200
1518/5000: Repo Men -> 200
1519/5000: Dragon Wars: D-War -> 200
1520/5000: Bogus -> 200
1521/5000: The Incredible Burt Wonderstone -> 200
1522/5000: Cats Don't Dance -> 200
1523/5000: Cradle Will Rock -> 200
1524/5000: The Good German -> 200
1525/5000: George and the Dragon -> 200
1526/5000: Apocalypse Now -> 200
1527/5000: Going the Distance -> 200
1528/5000: Mr. Holland's Opus -> 200
1529/5000: Criminal -> 200
1530/5000: Out of Africa -> 200
1531/5000: Flight -> 200
1532/5000: Moonraker -> 200
1533/5000: The Grand Budapest Hotel -> 200
1534/5000: Hearts in Atlantis -> 200
1535/5000: Arachnophobia -> 200
1536/5000: Frequency -> 200
1537/5000: Vacation -> 200
1538/5000: Get Shorty -> 200
1539/5000: Chicago -> 200
1540/5000: Big Daddy -> 200
1541/5000: American Pie 2 -> 200
1542/5000: Toy Story -> 200
1543/5000: Speed -> 200
1544/5000: The Vow -> 200
1545/5000: Extraordinary Measures -> 200
1546/5000: Remember the Titans -> 200
1547/5000: The Hunt for Red October -> 200
1548/5000: The Butler -> 200
1549/5000: DodgeBall: A True Underdog Story -> 200
1550/5000: The Addams Family -> 200
1551/5000: Ace Ventura: When Nature Calls -> 200
1552/5000: The Princess Diaries -> 200
1553/5000: The First Wives Club -> 200
1554/5000: Se7en -> 200
1555/5000: District 9 -> 200
1556/5000: The SpongeBob SquarePants Movie -> 200
1557/5000: Mystic River -> 200
1558/5000: Million Dollar Baby -> 200
1559/5000: Analyze This -> 200
1560/5000: The Notebook -> 200
1561/5000: 27 Dresses -> 200
1562/5000: Hannah Montana: The Movie -> 200
1563/5000: Rugrats in Paris: The Movie -> 200
1564/5000: The Prince of Tides -> 200
1565/5000: Legends of the Fall -> 200
1566/5000: Up in the Air -> 200
1567/5000: About Schmidt -> 200
1568/5000: Warm Bodies -> 200
1569/5000: Looper -> 200
1570/5000: Down to Earth -> 200
1571/5000: Babe -> 200
1572/5000: Hope Springs -> 200
1573/5000: Forgetting Sarah Marshall -> 200
1574/5000: Four Brothers -> 200
1575/5000: Baby Mama -> 200
1576/5000: Hope Floats -> 200
1577/5000: Bride Wars -> 200
1578/5000: Without a Paddle -> 200
1579/5000: 13 Going on 30 -> 200
1580/5000: Midnight in Paris -> 200
1581/5000: The Nut Job -> 200
1582/5000: Blow -> 200
1583/5000: Message in a Bottle -> 200
1584/5000: Star Trek V: The Final Frontier -> 200
1585/5000: Like Mike -> 200
1586/5000: The Naked Gun 33⅓: The Final Insult -> 200
1587/5000: A View to a Kill -> 200
1588/5000: The Curse of the Were-Rabbit -> 200
1589/5000: P.S. I Love You -> 200
1590/5000: Racing Stripes -> 200
1591/5000: Atonement -> 200
1592/5000: Letters to Juliet -> 200
1593/5000: Black Rain -> 200
1594/5000: The Three Stooges -> 200
1595/5000: Corpse Bride -> 200
1596/5000: Glory Road -> 200
1597/5000: Sicario -> 200
1598/5000: Southpaw -> 200
1599/5000: Drag Me to Hell -> 200
1600/5000: The Age of Adaline -> 200
1601/5000: Secondhand Lions -> 200
1602/5000: Step Up 3D -> 200
1603/5000: Blue Crush -> 200
1604/5000: Stranger Than Fiction -> 200
1605/5000: 30 Days of Night -> 200
1606/5000: The Cabin in the Woods -> 200
1607/5000: Meet the Spartans -> 200
1608/5000: Midnight Run -> 200
1609/5000: The Running Man -> 200
1610/5000: Little Shop of Horrors -> 200
1611/5000: Hanna -> 200
1612/5000: Mortal Kombat: Annihilation -> 200
1613/5000: Larry Crowne -> 200
1614/5000: Carrie -> 200
1615/5000: Take the Lead -> 200
1616/5000: Gridiron Gang -> 200
1617/5000: What's the Worst That Could Happen? -> 200
1618/5000: 9 -> 200
1619/5000: Side Effects -> 200
1620/5000: The Prince & Me -> 200
1621/5000: Winnie the Pooh -> 200
1622/5000: Dumb and Dumberer: When Harry Met Lloyd -> 200
1623/5000: Bulworth -> 200
1624/5000: Get on Up -> 200
1625/5000: One True Thing -> 200
1626/5000: Virtuosity -> 200
1627/5000: My Super Ex-Girlfriend -> 200
1628/5000: Deliver Us from Evil -> 200
1629/5000: Sanctum -> 200
1630/5000: Little Black Book -> 200
1631/5000: The Five-Year Engagement -> 200
1632/5000: Mr. 3000 -> 200
1633/5000: The Next Three Days -> 200
1634/5000: Ultraviolet -> 200
1635/5000: Assault on Precinct 13 -> 200
1636/5000: The Replacement Killers -> 200
1637/5000: Fled -> 200
1638/5000: Eight Legged Freaks -> 200
1639/5000: Love & Other Drugs -> 200
1640/5000: 88 Minutes -> 200
1641/5000: North Country -> 200
1642/5000: The Whole Ten Yards -> 200
1643/5000: Splice -> 200
1644/5000: Howard the Duck -> 200
1645/5000: Pride and Glory -> 200
1646/5000: The Cave -> 200
1647/5000: Alex & Emma -> 200
1648/5000: Wicker Park -> 200
1649/5000: Fright Night -> 200
1650/5000: The New World -> 200
1651/5000: Wing Commander -> 200
1652/5000: In Dreams -> 200
1653/5000: Dragonball Evolution -> 200
1654/5000: The Last Stand -> 200
1655/5000: Godsend -> 200
1656/5000: Chasing Liberty -> 200
1657/5000: Hoodwinked Too! Hood VS. Evil -> 200
1658/5000: An Unfinished Life -> 200
1659/5000: The Imaginarium of Doctor Parnassus -> 200
1660/5000: Barney's Version -> 200
1661/5000: Runner Runner -> 200
1662/5000: Antitrust -> 200
1663/5000: Glory -> 200
1664/5000: Once Upon a Time in America -> 200
1665/5000: Dead Man Down -> 200
1666/5000: The Merchant of Venice -> 200
1667/5000: The Good Thief -> 200
1668/5000: Supercross -> 200
1669/5000: Miss Potter -> 200
1670/5000: The Promise -> 200
1671/5000: DOA: Dead or Alive -> 200
1672/5000: The Assassination of Jesse James by the Coward Robert Ford -> 200
1673/5000: 1911 -> 200
1674/5000: Little Nicholas -> 200
1675/5000: Wild Card -> 200
1676/5000: Machine Gun Preacher -> 200
1677/5000: Animals United -> 200
1678/5000: Goodbye Bafana -> 200
1679/5000: United Passions -> 200
1680/5000: Grace of Monaco -> 200
1681/5000: Savva. Heart of the Warrior -> 200
1682/5000: Ripley's Game -> 200
1683/5000: Sausage Party -> 200
1684/5000: Pitch Perfect 2 -> 200
1685/5000: Walk the Line -> 200
1686/5000: Keeping the Faith -> 200
1687/5000: The Borrowers -> 200
1688/5000: Frost/Nixon -> 200
1689/5000: Confessions of a Dangerous Mind -> 200
1690/5000: Serving Sara -> 200
1691/5000: The Boss -> 200
1692/5000: Cry Freedom -> 200
1693/5000: Mumford -> 200
1694/5000: Seed of Chucky -> 200
1695/5000: The Jacket -> 200
1696/5000: Aladdin -> 200
1697/5000: Straight Outta Compton -> 200
1698/5000: Indiana Jones and the Temple of Doom -> 200
1699/5000: The Rugrats Movie -> 200
1700/5000: Along Came a Spider -> 200
1701/5000: Florence Foster Jenkins -> 200
1702/5000: Once Upon a Time in Mexico -> 200
1703/5000: Die Hard -> 200
1704/5000: Role Models -> 200
1705/5000: The Big Short -> 200
1706/5000: Taking Woodstock -> 200
1707/5000: Miracle -> 200
1708/5000: Dawn of the Dead -> 200
1709/5000: The Wedding Planner -> 200
1710/5000: Space Pirate Captain Harlock -> 200
1711/5000: The Royal Tenenbaums -> 200
1712/5000: Identity -> 200
1713/5000: Last Vegas -> 200
1714/5000: For Your Eyes Only -> 200
1715/5000: Serendipity -> 200
1716/5000: Timecop -> 200
1717/5000: Zoolander -> 200
1718/5000: Safe Haven -> 200
1719/5000: Hocus Pocus -> 200
1720/5000: No Reservations -> 200
1721/5000: Kick-Ass -> 200
1722/5000: 30 Minutes or Less -> 200
1723/5000: Dracula 2000 -> 200
1724/5000: Alexander and the Terrible, Horrible, No Good, Very Bad Day -> 200
1725/5000: Pride & Prejudice -> 200
1726/5000: Blade Runner -> 200
1727/5000: Rob Roy -> 200
1728/5000: 3 Days to Kill -> 200
1729/5000: We Own the Night -> 200
1730/5000: Lost Souls -> 200
1731/5000: Winged Migration -> 200
1732/5000: Just My Luck -> 200
1733/5000: Mystery, Alaska -> 200
1734/5000: The Spy Next Door -> 200
1735/5000: A Simple Wish -> 200
1736/5000: Ghosts of Mars -> 200
1737/5000: Our Brand Is Crisis -> 200
1738/5000: Pride and Prejudice and Zombies -> 200
1739/5000: Kundun -> 200
1740/5000: How to Lose Friends & Alienate People -> 200
1741/5000: Kick-Ass 2 -> 200
1742/5000: Alatriste -> 200
1743/5000: Brick Mansions -> 200
1744/5000: Octopussy -> 200
1745/5000: Knocked Up -> 200
1746/5000: My Sister's Keeper -> 200
1747/5000: Welcome Home Roscoe Jenkins -> 200
1748/5000: A Passage to India -> 200
1749/5000: Notes on a Scandal -> 200
1750/5000: Rendition -> 200
1751/5000: Star Trek VI: The Undiscovered Country -> 200
1752/5000: Divine Secrets of the Ya-Ya Sisterhood -> 200
1753/5000: Kiss the Girls -> 200
1754/5000: The Blues Brothers -> 200
1755/5000: The Sisterhood of the Traveling Pants 2 -> 200
1756/5000: Joyful Noise -> 200
1757/5000: About a Boy -> 200
1758/5000: Lake Placid -> 200
1759/5000: Lucky Number Slevin -> 200
1760/5000: The Right Stuff -> 200
1761/5000: Anonymous -> 200
1762/5000: The NeverEnding Story -> 200
1763/5000: Dark City -> 200
1764/5000: The Duchess -> 200
1765/5000: Return to Oz -> 200
1766/5000: The Newton Boys -> 200
1767/5000: Case 39 -> 200
1768/5000: Suspect Zero -> 200
1769/5000: Martian Child -> 200
1770/5000: Spy Kids: All the Time in the World -> 200
1771/5000: Money Monster -> 200
1772/5000: The 51st State -> 200
1773/5000: Flawless -> 200
1774/5000: Mindhunters -> 200
1775/5000: What Just Happened -> 200
1776/5000: The Statement -> 200
1777/5000: The Magic Flute -> 200
1778/5000: Paul Blart: Mall Cop -> 200
1779/5000: Freaky Friday -> 200
1780/5000: The 40 Year Old Virgin -> 200
1781/5000: Shakespeare in Love -> 200
1782/5000: A Walk Among the Tombstones -> 200
1783/5000: Kindergarten Cop -> 200
1784/5000: Pineapple Express -> 200
1785/5000: Ever After: A Cinderella Story -> 200
1786/5000: Open Range -> 200
1787/5000: Flatliners -> 200
1788/5000: A Bridge Too Far -> 200
1789/5000: Red Eye -> 200
1790/5000: Final Destination 2 -> 200
1791/5000: O Brother, Where Art Thou? -> 200
1792/5000: Legion -> 200
1793/5000: Pain & Gain -> 200
1794/5000: In Good Company -> 200
1795/5000: Clockstoppers -> 200
1796/5000: Silverado -> 200
1797/5000: Brothers -> 200
1798/5000: Agent Cody Banks 2: Destination London -> 200
1799/5000: New Year's Eve -> 200
1800/5000: Original Sin -> 200
1801/5000: The Raven -> 200
1802/5000: Welcome to Mooseport -> 200
1803/5000: Highlander: The Final Dimension -> 200
1804/5000: Blood and Wine -> 200
1805/5000: Snow White: A Tale of Terror -> 200
1806/5000: The Curse of the Jade Scorpion -> 200
1807/5000: Accidental Love -> 200
1808/5000: Flipper -> 200
1809/5000: Self/less -> 200
1810/5000: The Constant Gardener -> 200
1811/5000: The Passion of the Christ -> 200
1812/5000: Mrs. Doubtfire -> 200
1813/5000: Rain Man -> 200
1814/5000: Gran Torino -> 200
1815/5000: W. -> 200
1816/5000: Taken -> 200
1817/5000: The Best of Me -> 200
1818/5000: The Bodyguard -> 200
1819/5000: Schindler's List -> 200
1820/5000: The Help -> 200
1821/5000: The Fifth Estate -> 200
1822/5000: Scooby-Doo 2: Monsters Unleashed -> 200
1823/5000: Forbidden Kingdom -> 200
1824/5000: Freddy vs. Jason -> 200
1825/5000: The Face of an Angel -> 200
1826/5000: Jimmy Neutron: Boy Genius -> 200
1827/5000: Cloverfield -> 200
1828/5000: Teenage Mutant Ninja Turtles II: The Secret of the Ooze -> 200
1829/5000: The Untouchables -> 200
1830/5000: No Country for Old Men -> 200
1831/5000: Ride Along -> 200
1832/5000: Bridget Jones's Diary -> 200
1833/5000: Chocolat -> 200
1834/5000: Legally Blonde 2: Red, White & Blonde -> 200
1835/5000: Parental Guidance -> 200
1836/5000: No Strings Attached -> 200
1837/5000: Tombstone -> 200
1838/5000: Romeo Must Die -> 200
1839/5000: The Omen -> 200
1840/5000: Final Destination 3 -> 200
1841/5000: The Lucky One -> 200
1842/5000: Bridge to Terabithia -> 200
1843/5000: Finding Neverland -> 200
1844/5000: A Madea Christmas -> 200
1845/5000: The Grey -> 200
1846/5000: Hide and Seek -> 200
1847/5000: Anchorman: The Legend of Ron Burgundy -> 200
1848/5000: GoodFellas -> 200
1849/5000: Agent Cody Banks -> 200
1850/5000: Nanny McPhee -> 200
1851/5000: Scarface -> 200
1852/5000: Nothing to Lose -> 200
1853/5000: The Last Emperor -> 200
1854/5000: Contraband -> 200
1855/5000: Money Talks -> 200
1856/5000: There Will Be Blood -> 200
1857/5000: The Wild Thornberrys Movie -> 200
1858/5000: Rugrats Go Wild -> 200
1859/5000: Undercover Brother -> 200
1860/5000: The Sisterhood of the Traveling Pants -> 200
1861/5000: Kiss of the Dragon -> 200
1862/5000: The House Bunny -> 200
1863/5000: Beauty Shop -> 200
1864/5000: Million Dollar Arm -> 200
1865/5000: The Giver -> 200
1866/5000: What a Girl Wants -> 200
1867/5000: Jeepers Creepers 2 -> 200
1868/5000: Good Luck Chuck -> 200
1869/5000: Cradle 2 the Grave -> 200
1870/5000: The Hours -> 200
1871/5000: She's the Man -> 200
1872/5000: Mr. Bean's Holiday -> 200
1873/5000: Anacondas: The Hunt for the Blood Orchid -> 200
1874/5000: Blood Ties -> 200
1875/5000: August Rush -> 200
1876/5000: Elizabeth -> 200
1877/5000: Bride of Chucky -> 200
1878/5000: Tora! Tora! Tora! -> 200
1879/5000: Spice World -> 200
1880/5000: The Sitter -> 200
1881/5000: Dance Flick -> 200
1882/5000: The Shawshank Redemption -> 200
1883/5000: Crocodile Dundee in Los Angeles -> 200
1884/5000: Kingpin -> 200
1885/5000: The Gambler -> 200
1886/5000: August: Osage County -> 200
1887/5000: Ice Princess -> 200
1888/5000: A Lot Like Love -> 200
1889/5000: Eddie the Eagle -> 200
1890/5000: He Got Game -> 200
1891/5000: Don Juan DeMarco -> 200
1892/5000: Dear John -> 200
1893/5000: The Losers -> 200
1894/5000: Don't Be Afraid of the Dark -> 200
1895/5000: War -> 200
1896/5000: Punch-Drunk Love -> 200
1897/5000: EuroTrip -> 200
1898/5000: Half Past Dead -> 200
1899/5000: Unaccompanied Minors -> 200
1900/5000: Bright Lights, Big City -> 200
1901/5000: The Adventures of Pinocchio -> 200
1902/5000: The Greatest Game Ever Played -> 200
1903/5000: The Box -> 200
1904/5000: The Ruins -> 200
1905/5000: The Next Best Thing -> 200
1906/5000: My Soul to Take -> 200
1907/5000: The Girl Next Door -> 200
1908/5000: Maximum Risk -> 200
1909/5000: Stealing Harvard -> 200
1910/5000: Legend -> 200
1911/5000: Hot Rod -> 200
1912/5000: Shark Night -> 200
1913/5000: Angela's Ashes -> 200
1914/5000: Draft Day -> 200
1915/5000: Lifeforce -> 200
1916/5000: The Conspirator -> 200
1917/5000: Lords of Dogtown -> 200
1918/5000: The 33 -> 200
1919/5000: Big Trouble in Little China -> 200
1920/5000: Fly Me to the Moon -> 200
1921/5000: Warrior -> 200
1922/5000: Michael Collins -> 200
1923/5000: Gettysburg -> 200
1924/5000: Stop-Loss -> 200
1925/5000: Abandon -> 200
1926/5000: Brokedown Palace -> 200
1927/5000: The Possession -> 200
1928/5000: Mrs. Winterbourne -> 200
1929/5000: Straw Dogs -> 200
1930/5000: The Hoax -> 200
1931/5000: Stone Cold -> 200
1932/5000: The Road -> 200
1933/5000: Sheena -> 200
1934/5000: Underclassman -> 200
1935/5000: Say It Isn't So -> 200
1936/5000: The World's Fastest Indian -> 200
1937/5000: Tank Girl -> 200
1938/5000: King's Ransom -> 200
1939/5000: Blindness -> 200
1940/5000: BloodRayne -> 200
1941/5000: Carnage -> 200
1942/5000: Where the Truth Lies -> 200
1943/5000: Cirque du Soleil: Worlds Away -> 200
1944/5000: Without Limits -> 200
1945/5000: Me and Orson Welles -> 200
1946/5000: The Best Offer -> 200
1947/5000: The Bad Lieutenant: Port of Call - New Orleans -> 200
1948/5000: A Turtle's Tale: Sammy's Adventures -> 200
1949/5000: Little White Lies -> 200
1950/5000: Love Ranch -> 200
1951/5000: The True Story of Puss 'n Boots -> 200
1952/5000: Space Dogs -> 200
1953/5000: The Counselor -> 200
1954/5000: Ironclad -> 200
1955/5000: Waterloo -> 200
1956/5000: Kung Fu Jungle -> 200
1957/5000: Red Sky -> 200
1958/5000: Dangerous Liaisons -> 200
1959/5000: On the Road -> 200
1960/5000: Star Trek IV: The Voyage Home -> 200
1961/5000: Rocky Balboa -> 200
1962/5000: Scream 2 -> 200
1963/5000: Jane Got a Gun -> 200
1964/5000: Think Like a Man Too -> 200
1965/5000: The Whole Nine Yards -> 200
1966/5000: Footloose -> 200
1967/5000: Old School -> 200
1968/5000: The Fisher King -> 200
1969/5000: I Still Know What You Did Last Summer -> 200
1970/5000: Return to Me -> 200
1971/5000: Zack and Miri Make a Porno -> 200
1972/5000: Nurse Betty -> 200
1973/5000: The Men Who Stare at Goats -> 200
1974/5000: Double Take -> 200
1975/5000: Girl, Interrupted -> 200
1976/5000: Win a Date with Tad Hamilton! -> 200
1977/5000: Muppets from Space -> 200
1978/5000: The Wiz -> 200
1979/5000: Ready to Rumble -> 200
1980/5000: Play It to the Bone -> 200
1981/5000: I Don't Know How She Does It -> 200
1982/5000: Piranha 3D -> 200
1983/5000: Beyond the Sea -> 200
1984/5000: Meet the Deedles -> 200
1985/5000: The Thief and the Cobbler -> 200
1986/5000: The Bridge of San Luis Rey -> 200
1987/5000: Faster -> 200
1988/5000: Howl's Moving Castle -> 200
1989/5000: Zombieland -> 200
1990/5000: The Waterboy -> 200
1991/5000: The Empire Strikes Back -> 200
1992/5000: Bad Boys -> 200
1993/5000: The Naked Gun 2½: The Smell of Fear -> 200
1994/5000: Final Destination -> 200
1995/5000: The Ides of March -> 200
1996/5000: Pitch Black -> 200
1997/5000: Someone Like You... -> 200
1998/5000: Her -> 200
1999/5000: Joy Ride -> 200
2000/5000: The Adventurer: The Curse of the Midas Box -> 200
2001/5000: Anywhere But Here -> 200
2002/5000: The Crew -> 200
2003/5000: Haywire -> 200
2004/5000: Jaws: The Revenge -> 200
2005/5000: Marvin's Room -> 200
2006/5000: The Longshots -> 200
2007/5000: The End of the Affair -> 200
2008/5000: Harley Davidson and the Marlboro Man -> 200
2009/5000: In the Valley of Elah -> 200
2010/5000: Coco Before Chanel -> 200
2011/5000: Forsaken -> 200
2012/5000: Cheri -> 200
2013/5000: Vanity Fair -> 200
2014/5000: Bodyguards and Assassins -> 200
2015/5000: 1408 -> 200
2016/5000: Spaceballs -> 200
2017/5000: The Water Diviner -> 200
2018/5000: Ghost -> 200
2019/5000: There's Something About Mary -> 200
2020/5000: The Santa Clause -> 200
2021/5000: The Rookie -> 200
2022/5000: The Game Plan -> 200
2023/5000: The Bridges of Madison County -> 200
2024/5000: The Animal -> 200
2025/5000: Gandhi -> 200
2026/5000: The Hundred-Foot Journey -> 200
2027/5000: The Net -> 200
2028/5000: I Am Sam -> 200
2029/5000: Son of God -> 200
2030/5000: Underworld -> 200
2031/5000: Derailed -> 200
2032/5000: The Informant! -> 200
2033/5000: Shadowlands -> 200
2034/5000: Deuce Bigalow: European Gigolo -> 200
2035/5000: Delivery Man -> 200
2036/5000: Our Kind of Traitor -> 200
2037/5000: Saving Silverman -> 200
2038/5000: Diary of a Wimpy Kid: Dog Days -> 200
2039/5000: Summer of Sam -> 200
2040/5000: Jay and Silent Bob Strike Back -> 200
2041/5000: The Glass House -> 200
2042/5000: Hail, Caesar! -> 200
2043/5000: Josie and the Pussycats -> 200
2044/5000: Homefront -> 200
2045/5000: The Little Vampire -> 200
2046/5000: I Heart Huckabees -> 200
2047/5000: RoboCop 3 -> 200
2048/5000: Megiddo: The Omega Code 2 -> 200
2049/5000: Darling Lili -> 200
2050/5000: Dudley Do-Right -> 200
2051/5000: The Transporter Refueled -> 200
2052/5000: The Libertine -> 200
2053/5000: Black Book -> 200
2054/5000: Joyeux Noël -> 200
2055/5000: Hit & Run -> 200
2056/5000: Mad Money -> 200
2057/5000: Before I Go to Sleep -> 200
2058/5000: Sorcerer -> 200
2059/5000: Stone -> 200
2060/5000: Moliere -> 200
2061/5000: Out of the Furnace -> 200
2062/5000: Michael Clayton -> 200
2063/5000: My Fellow Americans -> 200
2064/5000: Arlington Road -> 200
2065/5000: Underdogs -> 200
2066/5000: To Rome with Love -> 200
2067/5000: Firefox -> 200
2068/5000: South Park: Bigger, Longer & Uncut -> 200
2069/5000: Death at a Funeral -> 200
2070/5000: Teenage Mutant Ninja Turtles III -> 200
2071/5000: Hardball -> 200
2072/5000: Silver Linings Playbook -> 200
2073/5000: Freedom Writers -> 200
2074/5000: For Colored Girls -> 200
2075/5000: The Transporter -> 200
2076/5000: Never Back Down -> 200
2077/5000: The Rage: Carrie 2 -> 200
2078/5000: Away We Go -> 200
2079/5000: Swing Vote -> 200
2080/5000: Moonlight Mile -> 200
2081/5000: Tinker Tailor Soldier Spy -> 200
2082/5000: Molly -> 200
2083/5000: The Beaver -> 200
2084/5000: The Best Little Whorehouse in Texas -> 200
2085/5000: eXistenZ -> 200
2086/5000: Raiders of the Lost Ark -> 200
2087/5000: Home Alone 2: Lost in New York -> 200
2088/5000: Close Encounters of the Third Kind -> 200
2089/5000: Pulse -> 200
2090/5000: Beverly Hills Cop II -> 200
2091/5000: Bringing Down the House -> 200
2092/5000: The Silence of the Lambs -> 200
2093/5000: Wayne's World -> 200
2094/5000: Jackass 3D -> 200
2095/5000: Jaws 2 -> 200
2096/5000: Beverly Hills Chihuahua -> 200
2097/5000: The Conjuring -> 200
2098/5000: Are We There Yet? -> 200
2099/5000: Tammy -> 200
2100/5000: School of Rock -> 200
2101/5000: Mortal Kombat -> 200
2102/5000: White Chicks -> 200
2103/5000: The Descendants -> 200
2104/5000: Holes -> 200
2105/5000: The Last Song -> 200
2106/5000: 12 Years a Slave -> 200
2107/5000: Drumline -> 200
2108/5000: Why Did I Get Married Too? -> 200
2109/5000: Edward Scissorhands -> 200
2110/5000: Me Before You -> 200
2111/5000: Madea's Witness Protection -> 200
2112/5000: The French Connection -> 200
2113/5000: Bad Moms -> 200
2114/5000: Date Movie -> 200
2115/5000: Return to Never Land -> 200
2116/5000: Selma -> 200
2117/5000: The Jungle Book 2 -> 200
2118/5000: Boogeyman -> 200
2119/5000: Premonition -> 200
2120/5000: The Tigger Movie -> 200
2121/5000: Orphan -> 200
2122/5000: Max -> 200
2123/5000: Epic Movie -> 200
2124/5000: Spotlight -> 200
2125/5000: Lakeview Terrace -> 200
2126/5000: The Grudge 2 -> 200
2127/5000: How Stella Got Her Groove Back -> 200
2128/5000: Bill & Ted's Bogus Journey -> 200
2129/5000: Man of the Year -> 200
2130/5000: The Black Hole -> 200
2131/5000: The American -> 200
2132/5000: Selena -> 200
2133/5000: Vampires Suck -> 200
2134/5000: Babel -> 200
2135/5000: This Is Where I Leave You -> 200
2136/5000: Doubt -> 200
2137/5000: Team America: World Police -> 200
2138/5000: Texas Chainsaw 3D -> 200
2139/5000: Copycat -> 200
2140/5000: Scary Movie 5 -> 200
2141/5000: Paint Your Wagon -> 200
2142/5000: Milk -> 200
2143/5000: Risen -> 200
2144/5000: Ghost Ship -> 200
2145/5000: A Very Harold & Kumar Christmas -> 200
2146/5000: Wild Things -> 200
2147/5000: The Stepfather -> 200
2148/5000: The Debt -> 200
2149/5000: High Fidelity -> 200
2150/5000: One Missed Call -> 200
2151/5000: Eye for an Eye -> 200
2152/5000: The Bank Job -> 200
2153/5000: Eternal Sunshine of the Spotless Mind -> 200
2154/5000: You Again -> 200
2155/5000: Street Kings -> 200
2156/5000: The World's End -> 200
2157/5000: Nancy Drew -> 200
2158/5000: Daybreakers -> 200
2159/5000: She's Out of My League -> 200
2160/5000: Monte Carlo -> 200
2161/5000: Stay Alive -> 200
2162/5000: Quigley Down Under -> 200
2163/5000: Alpha and Omega -> 200
2164/5000: The Covenant -> 200
2165/5000: Stick It -> 200
2166/5000: Shorts -> 200
2167/5000: To Die For -> 200
2168/5000: Nerve -> 200
2169/5000: Appaloosa -> 200
2170/5000: Vampires -> 200
2171/5000: Psycho -> 200
2172/5000: My Best Friend's Girl -> 200
2173/5000: Endless Love -> 200
2174/5000: Georgia Rule -> 200
2175/5000: Under the Rainbow -> 200
2176/5000: Ladyhawke -> 200
2177/5000: Simon Birch -> 200
2178/5000: Reign Over Me -> 200
2179/5000: Into the Wild -> 200
2180/5000: School for Scoundrels -> 200
2181/5000: Silent Hill: Revelation 3D -> 200
2182/5000: From Dusk Till Dawn -> 200
2183/5000: Pooh's Heffalump Movie -> 200
2184/5000: Home for the Holidays -> 200
2185/5000: Kung Fu Hustle -> 200
2186/5000: The Country Bears -> 200
2187/5000: The Kite Runner -> 200
2188/5000: 21 Grams -> 200
2189/5000: Paparazzi -> 200
2190/5000: A Guy Thing -> 200
2191/5000: Loser -> 200
2192/5000: Capitalism: A Love Story -> 200
2193/5000: The Greatest Story Ever Told -> 200
2194/5000: Secret in Their Eyes -> 200
2195/5000: Disaster Movie -> 200
2196/5000: Armored -> 200
2197/5000: The Man Who Knew Too Little -> 200
2198/5000: What's Your Number? -> 200
2199/5000: Lockout -> 200
2200/5000: Envy -> 200
2201/5000: Crank: High Voltage -> 200
2202/5000: Bullets Over Broadway -> 200
2203/5000: One Night with the King -> 200
2204/5000: The Quiet American -> 200
2205/5000: The Weather Man -> 200
2206/5000: Undisputed -> 200
2207/5000: Ghost Town -> 200
2208/5000: 12 Rounds -> 200
2209/5000: Let Me In -> 200
2210/5000: 3 Ninjas Kick Back -> 200
2211/5000: Be Kind Rewind -> 200
2212/5000: Mrs Henderson Presents -> 200
2213/5000: Triple 9 -> 200
2214/5000: Deconstructing Harry -> 200
2215/5000: Three to Tango -> 200
2216/5000: Burnt -> 200
2217/5000: We're No Angels -> 200
2218/5000: Everyone Says I Love You -> 200
2219/5000: Death Sentence -> 200
2220/5000: Everybody's Fine -> 200
2221/5000: Superbabies: Baby Geniuses 2 -> 200
2222/5000: The Man -> 200
2223/5000: Code Name: The Cleaner -> 200
2224/5000: Connie and Carla -> 200
2225/5000: Sweet Charity -> 200
2226/5000: Inherent Vice -> 200
2227/5000: Doogal -> 200
2228/5000: Battle of the Year -> 200
2229/5000: An American Carol -> 200
2230/5000: Machete Kills -> 200
2231/5000: Willard -> 200
2232/5000: Strange Wilderness -> 200
2233/5000: Topsy-Turvy -> 200
2234/5000: Little Boy -> 200
2235/5000: A Dangerous Method -> 200
2236/5000: A Scanner Darkly -> 200
2237/5000: Chasing Mavericks -> 200
2238/5000: Alone in the Dark -> 200
2239/5000: Bandslam -> 200
2240/5000: Birth -> 200
2241/5000: A Most Violent Year -> 200
2242/5000: Passchendaele -> 200
2243/5000: Flash of Genius -> 200
2244/5000: I'm Not There. -> 200
2245/5000: The Cold Light of Day -> 200
2246/5000: The Brothers Bloom -> 200
2247/5000: Synecdoche, New York -> 200
2248/5000: Princess Mononoke -> 200
2249/5000: Bon voyage -> 200
2250/5000: Can't Stop the Music -> 200
2251/5000: The Proposition -> 200
2252/5000: My All American -> 200
2253/5000: Marci X -> 200
2254/5000: Equilibrium -> 200
2255/5000: The Children of Huang Shi -> 200
2256/5000: The Yards -> 200
2257/5000: The Oogieloves in the Big Balloon Adventure -> 200
2258/5000: By the Sea -> 200
2259/5000: Steamboy -> 200
2260/5000: The Game of Their Lives -> 200
2261/5000: All Good Things -> 200
2262/5000: Rapa Nui -> 200
2263/5000: CJ7 -> 200
2264/5000: The Visitors II: The Corridors of Time -> 200
2265/5000: Dylan Dog: Dead of Night -> 200
2266/5000: People I Know -> 200
2267/5000: The Tempest -> 200
2268/5000: Regression -> 200
2269/5000: Three Kingdoms: Resurrection of the Dragon -> 200
2270/5000: Butterfly on a Wheel -> 200
2271/5000: Zambezia -> 200
2272/5000: Ramanujan -> 200
2273/5000: Dwegons -> 200
2274/5000: Hands of Stone -> 200
2275/5000: Survivor -> 200
2276/5000: The Frozen Ground -> 200
2277/5000: The Painted Veil -> 200
2278/5000: The Baader Meinhof Complex -> 200
2279/5000: Dances with Wolves -> 200
2280/5000: Bad Teacher -> 200
2281/5000: Sea of Love -> 200
2282/5000: A Cinderella Story -> 200
2283/5000: Scream -> 200
2284/5000: Thir13en Ghosts -> 200
2285/5000: The Shining -> 200
2286/5000: Back to the Future -> 200
2287/5000: House on Haunted Hill -> 200
2288/5000: I Can Do Bad All By Myself -> 200
2289/5000: Fight Valley -> 200
2290/5000: The Switch -> 200
2291/5000: Just Married -> 200
2292/5000: The Devil's Double -> 200
2293/5000: Thomas and the Magic Railroad -> 200
2294/5000: The Crazies -> 200
2295/5000: Spirited Away -> 200
2296/5000: Firestorm -> 200
2297/5000: The Bounty -> 200
2298/5000: The Book Thief -> 200
2299/5000: Sex Drive -> 200
2300/5000: Leap Year -> 200
2301/5000: The Fall of the Roman Empire -> 200
2302/5000: Take Me Home Tonight -> 200
2303/5000: Won't Back Down -> 200
2304/5000: The Nutcracker -> 200
2305/5000: Kansas City -> 200
2306/5000: Indignation -> 200
2307/5000: The Amityville Horror -> 200
2308/5000: Adaptation. -> 200
2309/5000: Land of the Dead -> 200
2310/5000: Out of Inferno -> 200
2311/5000: Fear and Loathing in Las Vegas -> 200
2312/5000: The Invention of Lying -> 200
2313/5000: Neighbors -> 200
2314/5000: The Mask -> 200
2315/5000: Big -> 200
2316/5000: Borat: Cultural Learnings of America for Make Benefit Glorious Nation of Kazakhstan -> 200
2317/5000: Legally Blonde -> 200
2318/5000: Star Trek III: The Search for Spock -> 200
2319/5000: The Exorcism of Emily Rose -> 200
2320/5000: Deuce Bigalow: Male Gigolo -> 200
2321/5000: Left Behind -> 200
2322/5000: The Family Stone -> 200
2323/5000: Barbershop 2:  Back in Business -> 200
2324/5000: Bad Santa -> 200
2325/5000: Austin Powers: International Man of Mystery -> 200
2326/5000: My Big Fat Greek Wedding 2 -> 200
2327/5000: Diary of a Wimpy Kid: Rodrick Rules -> 200
2328/5000: Predator -> 200
2329/5000: Amadeus -> 200
2330/5000: Prom Night -> 200
2331/5000: Mean Girls -> 200
2332/5000: Under the Tuscan Sun -> 200
2333/5000: Gosford Park -> 200
2334/5000: Peggy Sue Got Married -> 200
2335/5000: Birdman -> 200
2336/5000: Blue Jasmine -> 200
2337/5000: United 93 -> 200
2338/5000: Honey -> 200
2339/5000: Spy Hard -> 200
2340/5000: The Fog -> 200
2341/5000: Soul Surfer -> 200
2342/5000: Catch-22 -> 200
2343/5000: Observe and Report -> 200
2344/5000: Conan the Destroyer -> 200
2345/5000: Raging Bull -> 200
2346/5000: Love Happens -> 200
2347/5000: Young Sherlock Holmes -> 200
2348/5000: Fame -> 200
2349/5000: 127 Hours -> 200
2350/5000: Small Time Crooks -> 200
2351/5000: Center Stage -> 200
2352/5000: Love the Coopers -> 200
2353/5000: Catch That Kid -> 200
2354/5000: Life as a House -> 200
2355/5000: Steve Jobs -> 200
2356/5000: I Love You, Beth Cooper -> 200
2357/5000: Youth in Revolt -> 200
2358/5000: The Legend of the Lone Ranger -> 200
2359/5000: The Tailor of Panama -> 200
2360/5000: Blow Out -> 200
2361/5000: Getaway -> 200
2362/5000: The Ice Storm -> 200
2363/5000: And So It Goes -> 200
2364/5000: Troop Beverly Hills -> 200
2365/5000: Being Julia -> 200
2366/5000: Nine 1/2 Weeks -> 200
2367/5000: Dragonslayer -> 200
2368/5000: The Last Station -> 200
2369/5000: Ed Wood -> 200
2370/5000: Labor Day -> 200
2371/5000: Mongol: The Rise of Genghis Khan -> 200
2372/5000: RockNRolla -> 200
2373/5000: Megaforce -> 200
2374/5000: Hamlet -> 200
2375/5000: Mao's Last Dancer -> 200
2376/5000: Midnight Special -> 200
2377/5000: Anything Else -> 200
2378/5000: The Railway Man -> 200
2379/5000: The White Ribbon -> 200
2380/5000: Restoration -> 200
2381/5000: The Wraith -> 200
2382/5000: Salton Sea -> 200
2383/5000: Metallica: Through the Never -> 200
2384/5000: The Informers -> 200
2385/5000: Carlos -> 200
2386/5000: I Come with the Rain -> 200
2387/5000: One Man's Hero -> 200
2388/5000: Day of the Dead -> 200
2389/5000: I Am Wrath -> 200
2390/5000: Renaissance -> 200
2391/5000: Red Sonja -> 200
2392/5000: Red Lights -> 200
2393/5000: Superbad -> 200
2394/5000: Madea Goes to Jail -> 200
2395/5000: Wolves -> 200
2396/5000: Step Up 2: The Streets -> 200
2397/5000: Hoodwinked! -> 200
2398/5000: Hotel Rwanda -> 200
2399/5000: Hitman -> 200
2400/5000: Black Nativity -> 200
2401/5000: The Prince -> 200
2402/5000: City of Ghosts -> 200
2403/5000: The Others -> 200
2404/5000: Aliens -> 200
2405/5000: My Fair Lady -> 200
2406/5000: I Know What You Did Last Summer -> 200
2407/5000: Let's Be Cops -> 200
2408/5000: Sideways -> 200
2409/5000: Beerfest -> 200
2410/5000: Halloween -> 200
2411/5000: Good Boy! -> 200
2412/5000: The Best Man Holiday -> 200
2413/5000: Smokin' Aces -> 200
2414/5000: Saw: The Final Chapter -> 200
2415/5000: 40 Days and 40 Nights -> 200
2416/5000: A Night at the Roxbury -> 200
2417/5000: Beastly -> 200
2418/5000: The Hills Have Eyes -> 200
2419/5000: Dickie Roberts: Former Child Star -> 200
2420/5000: McFarland, USA -> 200
2421/5000: Lottery Ticket -> 200
2422/5000: ATL -> 200
2423/5000: Pitch Perfect -> 200
2424/5000: Summer Catch -> 200
2425/5000: A Simple Plan -> 200
2426/5000: They -> 200
2427/5000: Larry the Cable Guy: Health Inspector -> 200
2428/5000: The Adventures of Elmo in Grouchland -> 200
2429/5000: Brooklyn's Finest -> 200
2430/5000: 55 Days at Peking -> 200
2431/5000: Evil Dead -> 200
2432/5000: My Life in Ruins -> 200
2433/5000: American Dreamz -> 200
2434/5000: Superman IV: The Quest for Peace -> 200
2435/5000: How She Move -> 200
2436/5000: Running Scared -> 200
2437/5000: Bobby Jones: Stroke of Genius -> 200
2438/5000: Shanghai Surprise -> 200
2439/5000: The Illusionist -> 200
2440/5000: Roar -> 200
2441/5000: Veronica Guerin -> 200
2442/5000: Escobar: Paradise Lost -> 200
2443/5000: Southland Tales -> 200
2444/5000: Dragon Hunters -> 200
2445/5000: Damnation Alley -> 200
2446/5000: The Apparition -> 200
2447/5000: My Girl -> 200
2448/5000: Fur: An Imaginary Portrait of Diane Arbus -> 200
2449/5000: Wall Street -> 200
2450/5000: Sense and Sensibility -> 200
2451/5000: Becoming Jane -> 200
2452/5000: Sydney White -> 200
2453/5000: House of Sand and Fog -> 200
2454/5000: Dead Poets Society -> 200
2455/5000: Dumb and Dumber -> 200
2456/5000: When Harry Met Sally... -> 200
2457/5000: The Verdict -> 200
2458/5000: Road Trip -> 200
2459/5000: Varsity Blues -> 200
2460/5000: The Artist -> 200
2461/5000: The Unborn -> 200
2462/5000: Moonrise Kingdom -> 200
2463/5000: The Texas Chainsaw Massacre: The Beginning -> 200
2464/5000: The Young Messiah -> 200
2465/5000: The Master of Disguise -> 200
2466/5000: Pan's Labyrinth -> 200
2467/5000: See Spot Run -> 200
2468/5000: Baby Boy -> 200
2469/5000: The Roommate -> 200
2470/5000: Joe Dirt -> 200
2471/5000: Double Impact -> 200
2472/5000: Hot Fuzz -> 200
2473/5000: The Women -> 200
2474/5000: Vicky Cristina Barcelona -> 200
2475/5000: Arn: The Knight Templar -> 200
2476/5000: Boys and Girls -> 200
2477/5000: White Oleander -> 200
2478/5000: Jennifer's Body -> 200
2479/5000: Drowning Mona -> 200
2480/5000: Radio Days -> 200
2481/5000: Remember Me -> 200
2482/5000: How to Deal -> 200
2483/5000: My Stepmother is an Alien -> 200
2484/5000: Philadelphia -> 200
2485/5000: The Thirteenth Floor -> 200
2486/5000: The Cookout -> 200
2487/5000: Meteor -> 200
2488/5000: Duets -> 200
2489/5000: Hollywood Ending -> 200
2490/5000: Detroit Rock City -> 200
2491/5000: Highlander -> 200
2492/5000: Things We Lost in the Fire -> 200
2493/5000: Steel -> 200
2494/5000: The Immigrant -> 200
2495/5000: The White Countess -> 200
2496/5000: Trance -> 200
2497/5000: Soul Plane -> 200
2498/5000: Welcome to the Sticks -> 200
2499/5000: Good -> 200
2500/5000: Enter the Void -> 200
2501/5000: Vamps -> 200
2502/5000: Hachi: A Dog's Tale -> 200
2503/5000: Zulu -> 200
2504/5000: The Homesman -> 200
2505/5000: Juwanna Mann -> 200
2506/5000: Ararat -> 200
2507/5000: Madison -> 200
2508/5000: Slow Burn -> 200
2509/5000: Wasabi -> 200
2510/5000: Slither -> 200
2511/5000: Beverly Hills Cop -> 200
2512/5000: Home Alone -> 200
2513/5000: Three Men and a Baby -> 200
2514/5000: Tootsie -> 200
2515/5000: Top Gun -> 200
2516/5000: Crouching Tiger, Hidden Dragon -> 200
2517/5000: American Beauty -> 200
2518/5000: The King's Speech -> 200
2519/5000: Twins -> 200
2520/5000: The Yellow Handkerchief -> 200
2521/5000: The Color Purple -> 200
2522/5000: Tidal Wave -> 200
2523/5000: The Imitation Game -> 200
2524/5000: Private Benjamin -> 200
2525/5000: Coal Miner's Daughter -> 200
2526/5000: Diary of a Wimpy Kid -> 200
2527/5000: Mama -> 200
2528/5000: National Lampoon's Vacation -> 200
2529/5000: Bad Grandpa -> 200
2530/5000: The Queen -> 200
2531/5000: Beetlejuice -> 200
2532/5000: Why Did I Get Married? -> 200
2533/5000: Little Women -> 200
2534/5000: The Woman in Black -> 200
2535/5000: When a Stranger Calls -> 200
2536/5000: Big Fat Liar -> 200
2537/5000: The Deer Hunter -> 200
2538/5000: Wag the Dog -> 200
2539/5000: The Lizzie McGuire Movie -> 200
2540/5000: Snitch -> 200
2541/5000: Krampus -> 200
2542/5000: The Faculty -> 200
2543/5000: What's Love Got to Do with It -> 200
2544/5000: Cop Land -> 200
2545/5000: Not Another Teen Movie -> 200
2546/5000: End of Watch -> 200
2547/5000: The Skulls -> 200
2548/5000: The Theory of Everything -> 200
2549/5000: Malibu's Most Wanted -> 200
2550/5000: Where the Heart Is -> 200
2551/5000: Lawrence of Arabia -> 200
2552/5000: Halloween II -> 200
2553/5000: Wild -> 200
2554/5000: The Last House on the Left -> 200
2555/5000: The Wedding Date -> 200
2556/5000: Halloween: Resurrection -> 200
2557/5000: The Princess Bride -> 200
2558/5000: The Great Debaters -> 200
2559/5000: Drive -> 200
2560/5000: Confessions of a Teenage Drama Queen -> 200
2561/5000: The Object of My Affection -> 200
2562/5000: 28 Weeks Later -> 200
2563/5000: When the Game Stands Tall -> 200
2564/5000: Because of Winn-Dixie -> 200
2565/5000: Love & Basketball -> 200
2566/5000: Grosse Pointe Blank -> 200
2567/5000: All About Steve -> 200
2568/5000: Book of Shadows: Blair Witch 2 -> 200
2569/5000: The Craft -> 200
2570/5000: Match Point -> 200
2571/5000: Ramona and Beezus -> 200
2572/5000: The Remains of the Day -> 200
2573/5000: Boogie Nights -> 200
2574/5000: Nowhere to Run -> 200
2575/5000: Flicka -> 200
2576/5000: The Hills Have Eyes 2 -> 200
2577/5000: Urban Legends: Final Cut -> 200
2578/5000: Tuck Everlasting -> 200
2579/5000: The Marine -> 200
2580/5000: Keanu -> 200
2581/5000: Country Strong -> 200
2582/5000: Disturbing Behavior -> 200
2583/5000: The Place Beyond the Pines -> 200
2584/5000: The November Man -> 200
2585/5000: Eye of the Beholder -> 200
2586/5000: The Hurt Locker -> 200
2587/5000: Firestarter -> 200
2588/5000: Killing Them Softly -> 200
2589/5000: A Most Wanted Man -> 200
2590/5000: Freddy Got Fingered -> 200
2591/5000: VeggieTales: The Pirates Who Don't Do Anything -> 200
2592/5000: U2 3D -> 200
2593/5000: Highlander: Endgame -> 200
2594/5000: Idlewild -> 200
2595/5000: One Day -> 200
2596/5000: Whip It -> 200
2597/5000: Knockaround Guys -> 200
2598/5000: Confidence -> 200
2599/5000: The Muse -> 200
2600/5000: De-Lovely -> 200
2601/5000: New York Stories -> 200
2602/5000: Barney's Great Adventure -> 200
2603/5000: The Man with the Iron Fists -> 200
2604/5000: Home Fries -> 200
2605/5000: Here On Earth -> 200
2606/5000: Brazil -> 200
2607/5000: Raise Your Voice -> 200
2608/5000: The Big Lebowski -> 200
2609/5000: Black Snake Moan -> 200
2610/5000: Dark Blue -> 200
2611/5000: A Mighty Heart -> 200
2612/5000: Whatever It Takes -> 200
2613/5000: Boat Trip -> 200
2614/5000: The Importance of Being Earnest -> 200
2615/5000: The Love Letter -> 200
2616/5000: Hoot -> 200
2617/5000: In Bruges -> 200
2618/5000: Peeples -> 200
2619/5000: The Rocker -> 200
2620/5000: Post Grad -> 200
2621/5000: Promised Land -> 200
2622/5000: Whatever Works -> 200
2623/5000: The In Crowd -> 200
2624/5000: The Three Burials of Melquiades Estrada -> 200
2625/5000: Jakob the Liar -> 200
2626/5000: Kiss Kiss Bang Bang -> 200
2627/5000: Idle Hands -> 200
2628/5000: Mulholland Drive -> 200
2629/5000: Blood and Chocolate -> 200
2630/5000: You Will Meet a Tall Dark Stranger -> 200
2631/5000: Never Let Me Go -> 200
2632/5000: The Company -> 200
2633/5000: Transsiberian -> 200
2634/5000: The Clan of the Cave Bear -> 200
2635/5000: Crazy in Alabama -> 200
2636/5000: Funny Games -> 200
2637/5000: Listening -> 200
2638/5000: Felicia's Journey -> 200
2639/5000: Metropolis -> 200
2640/5000: District B13 -> 200
2641/5000: Things to Do in Denver When You're Dead -> 200
2642/5000: The Assassin -> 200
2643/5000: Buffalo Soldiers -> 200
2644/5000: The Return -> 200
2645/5000: Ong Bak 2 -> 200
2646/5000: Centurion -> 200
2647/5000: Silent Trigger -> 200
2648/5000: The Midnight Meat Train -> 200
2649/5000: Winnie Mandela -> 200
2650/5000: The Son of No One -> 200
2651/5000: All The Queen's Men -> 200
2652/5000: The Good Night -> 200
2653/5000: Bathory: Countess of Blood -> 200
2654/5000: Khumba -> 200
2655/5000: Automata -> 200
2656/5000: Dungeons & Dragons: Wrath of the Dragon God -> 200
2657/5000: Shinjuku Incident -> 200
2658/5000: Pandaemonium -> 200
2659/5000: Groundhog Day -> 200
2660/5000: Magic Mike XXL -> 200
2661/5000: Romeo + Juliet -> 200
2662/5000: Sarah's Key -> 200
2663/5000: Freedom -> 200
2664/5000: Unforgiven -> 200
2665/5000: Manderlay -> 200
2666/5000: Slumdog Millionaire -> 200
2667/5000: Fatal Attraction -> 200
2668/5000: Pretty Woman -> 200
2669/5000: Crocodile Dundee II -> 200
2670/5000: Broken Horses -> 200
2671/5000: Born on the Fourth of July -> 200
2672/5000: Cool Runnings -> 200
2673/5000: My Bloody Valentine -> 200
2674/5000: Stomp the Yard -> 200
2675/5000: The Spy Who Loved Me -> 200
2676/5000: Urban Legend -> 200
2677/5000: Good Deeds -> 200
2678/5000: White Fang -> 200
2679/5000: Superstar -> 200
2680/5000: The Iron Lady -> 200
2681/5000: Jonah: A VeggieTales Movie -> 200
2682/5000: Poetic Justice -> 200
2683/5000: All About the Benjamins -> 200
2684/5000: Vampire in Brooklyn -> 200
2685/5000: Exorcist II: The Heretic -> 200
2686/5000: An American Haunting -> 200
2687/5000: My Boss's Daughter -> 200
2688/5000: A Perfect Getaway -> 200
2689/5000: Our Family Wedding -> 200
2690/5000: Dead Man on Campus -> 200
2691/5000: Tea with Mussolini -> 200
2692/5000: Thinner -> 200
2693/5000: New York, New York -> 200
2694/5000: Crooklyn -> 200
2695/5000: I Think I Love My Wife -> 200
2696/5000: Jason X -> 200
2697/5000: Bobby -> 200
2698/5000: Head Over Heels -> 200
2699/5000: Fun Size -> 200
2700/5000: The Diving Bell and the Butterfly -> 200
2701/5000: Little Children -> 200
2702/5000: Gossip -> 200
2703/5000: A Walk on the Moon -> 200
2704/5000: Catch a Fire -> 200
2705/5000: Soul Survivors -> 200
2706/5000: Jefferson in Paris -> 200
2707/5000: Easy Virtue -> 200
2708/5000: Caravans -> 200
2709/5000: Mr. Turner -> 200
2710/5000: Wild Grass -> 200
2711/5000: Amen. -> 200
2712/5000: Reign of Assassins -> 200
2713/5000: The Lucky Ones -> 200
2714/5000: Margaret -> 200
2715/5000: Stan Helsing -> 200
2716/5000: Flipped -> 200
2717/5000: Brokeback Mountain -> 200
2718/5000: Clueless -> 200
2719/5000: Far from Heaven -> 200
2720/5000: Hot Tub Time Machine 2 -> 200
2721/5000: Quills -> 200
2722/5000: Seven Psychopaths -> 200
2723/5000: The Caveman's Valentine -> 200
2724/5000: Downfall -> 200
2725/5000: The Sea Inside -> 200
2726/5000: Under the Skin -> 200
2727/5000: Good Morning, Vietnam -> 200
2728/5000: The Last Godfather -> 200
2729/5000: Justin Bieber: Never Say Never -> 200
2730/5000: Black Swan -> 200
2731/5000: The Godfather: Part II -> 200
2732/5000: Save the Last Dance -> 200
2733/5000: A Nightmare on Elm Street 4: The Dream Master -> 200
2734/5000: Miracles from Heaven -> 200
2735/5000: Dude, Where’s My Car? -> 200
2736/5000: Young Guns -> 200
2737/5000: St. Vincent -> 200
2738/5000: About Last Night -> 200
2739/5000: 10 Things I Hate About You -> 200
2740/5000: The New Guy -> 200
2741/5000: National Lampoon's Loaded Weapon 1 -> 200
2742/5000: The Shallows -> 200
2743/5000: The Butterfly Effect -> 200
2744/5000: Snow Day -> 200
2745/5000: This Christmas -> 200
2746/5000: Baby Geniuses -> 200
2747/5000: The Big Hit -> 200
2748/5000: Harriet the Spy -> 200
2749/5000: Child's Play 2 -> 200
2750/5000: No Good Deed -> 200
2751/5000: The Mist -> 200
2752/5000: Ex Machina -> 200
2753/5000: Being John Malkovich -> 200
2754/5000: Two Can Play That Game -> 200
2755/5000: Earth to Echo -> 200
2756/5000: Crazy/Beautiful -> 200
2757/5000: Letters from Iwo Jima -> 200
2758/5000: The Astronaut Farmer -> 200
2759/5000: Woo -> 200
2760/5000: Room -> 200
2761/5000: Dirty Work -> 200
2762/5000: Serial Mom -> 200
2763/5000: Dick -> 200
2764/5000: Light It Up -> 200
2765/5000: 54 -> 200
2766/5000: Bubble Boy -> 200
2767/5000: Birthday Girl -> 200
2768/5000: 21 & Over -> 200
2769/5000: Paris, je t'aime -> 200
2770/5000: Resurrecting the Champ -> 200
2771/5000: Admission -> 200
2772/5000: The Widow of Saint-Pierre -> 200
2773/5000: Chloe -> 200
2774/5000: Faithful -> 200
2775/5000: Find Me Guilty -> 200
2776/5000: The Perks of Being a Wallflower -> 200
2777/5000: Excessive Force -> 200
2778/5000: Infamous -> 200
2779/5000: The Claim -> 200
2780/5000: The Vatican Tapes -> 200
2781/5000: Attack the Block -> 200
2782/5000: In the Land of Blood and Honey -> 200
2783/5000: The Call -> 200
2784/5000: Operation Chromite -> 200
2785/5000: The Crocodile Hunter: Collision Course -> 200
2786/5000: I Love You Phillip Morris -> 200
2787/5000: Quest for Fire -> 200
2788/5000: Antwone Fisher -> 200
2789/5000: The Emperor's Club -> 200
2790/5000: True Romance -> 200
2791/5000: Womb -> 200
2792/5000: Glengarry Glen Ross -> 200
2793/5000: The Killer Inside Me -> 200
2794/5000: Cat People -> 200
2795/5000: Sorority Row -> 200
2796/5000: The Prisoner of Zenda -> 200
2797/5000: Lars and the Real Girl -> 200
2798/5000: The Boy in the Striped Pyjamas -> 200
2799/5000: Dancer in the Dark -> 200
2800/5000: Oscar and Lucinda -> 200
2801/5000: The Funeral -> 200
2802/5000: Solitary Man -> 200
2803/5000: Machete -> 200
2804/5000: Casino Jack -> 200
2805/5000: The Land Before Time -> 200
2806/5000: Tae Guk Gi: The Brotherhood of War -> 200
2807/5000: The Perfect Game -> 200
2808/5000: The Exorcist -> 200
2809/5000: Jaws -> 200
2810/5000: American Pie -> 200
2811/5000: Ernest & Celestine -> 200
2812/5000: The Golden Child -> 200
2813/5000: Think Like a Man -> 200
2814/5000: Barbershop -> 200
2815/5000: Star Trek II: The Wrath of Khan -> 200
2816/5000: Ace Ventura: Pet Detective -> 200
2817/5000: WarGames -> 200
2818/5000: Witness -> 200
2819/5000: Act of Valor -> 200
2820/5000: Step Up -> 200
2821/5000: Beavis and Butt-Head Do America -> 200
2822/5000: Jackie Brown -> 200
2823/5000: Harold & Kumar Escape from Guantanamo Bay -> 200
2824/5000: Chronicle -> 200
2825/5000: Yentl -> 200
2826/5000: Time Bandits -> 200
2827/5000: Crossroads -> 200
2828/5000: Project X -> 200
2829/5000: Patton -> 200
2830/5000: One Hour Photo -> 200
2831/5000: Quarantine -> 200
2832/5000: The Eye -> 200
2833/5000: Johnson Family Vacation -> 200
2834/5000: How High -> 200
2835/5000: The Muppet Christmas Carol -> 200
2836/5000: Frida -> 200
2837/5000: Katy Perry: Part of Me -> 200
2838/5000: The Fault in Our Stars -> 200
2839/5000: Rounders -> 200
2840/5000: Top Five -> 200
2841/5000: Prophecy -> 200
2842/5000: Stir of Echoes -> 200
2843/5000: Philomena -> 200
2844/5000: The Upside of Anger -> 200
2845/5000: The Boys from Brazil -> 200
2846/5000: Aquamarine -> 200
2847/5000: Paper Towns -> 200
2848/5000: My Baby's Daddy -> 200
2849/5000: Nebraska -> 200
2850/5000: Tales from the Crypt: Demon Knight -> 200
2851/5000: Max Keeble's Big Move -> 200
2852/5000: Young Adult -> 200
2853/5000: Crank -> 200
2854/5000: Def Jam's How to Be a Player -> 200
2855/5000: Living Out Loud -> 200
2856/5000: Just Wright -> 200
2857/5000: Rachel Getting Married -> 200
2858/5000: The Postman Always Rings Twice -> 200
2859/5000: Girl with a Pearl Earring -> 200
2860/5000: Das Boot -> 200
2861/5000: Sorority Boys -> 200
2862/5000: About Time -> 200
2863/5000: House of Flying Daggers -> 200
2864/5000: Arbitrage -> 200
2865/5000: Project Almanac -> 200
2866/5000: Cadillac Records -> 200
2867/5000: Screwed -> 200
2868/5000: Fortress -> 200
2869/5000: For Your Consideration -> 200
2870/5000: Celebrity -> 200
2871/5000: Running with Scissors -> 200
2872/5000: From Justin to Kelly -> 200
2873/5000: Girl 6 -> 200
2874/5000: In the Cut -> 200
2875/5000: Two Lovers -> 200
2876/5000: Last Orders -> 200
2877/5000: The Host -> 200
2878/5000: The Pursuit of D.B. Cooper -> 200
2879/5000: Ravenous -> 200
2880/5000: Charlie Bartlett -> 200
2881/5000: The Great Beauty -> 200
2882/5000: The Dangerous Lives of Altar Boys -> 200
2883/5000: Stoker -> 200
2884/5000: 2046 -> 200
2885/5000: Married Life -> 200
2886/5000: Duma -> 200
2887/5000: Ondine -> 200
2888/5000: Brother -> 200
2889/5000: Welcome to Collinwood -> 200
2890/5000: Critical Care -> 200
2891/5000: The Life Before Her Eyes -> 200
2892/5000: Darling Companion -> 200
2893/5000: Trade -> 200
2894/5000: Fateless -> 200
2895/5000: Breakfast of Champions -> 200
2896/5000: A Woman, a Gun and a Noodle Shop -> 200
2897/5000: Cypher -> 200
2898/5000: City of Life and Death -> 200
2899/5000: Legend of a Rabbit -> 200
2900/5000: Space Battleship Yamato -> 200
2901/5000: 5 Days of War -> 200
2902/5000: Triangle -> 200
2903/5000: 10 Days in a Madhouse -> 200
2904/5000: Heaven is for Real -> 200
2905/5000: Snatch -> 200
2906/5000: Dancin' It's On -> 200
2907/5000: Pet Sematary -> 200
2908/5000: Madadayo -> 200
2909/5000: The Cry of the Owl -> 200
2910/5000: A Tale of Three Cities -> 200
2911/5000: Gremlins -> 200
2912/5000: Star Wars -> 200
2913/5000: Dirty Grandpa -> 200
2914/5000: Doctor Zhivago -> 200
2915/5000: Trash -> 200
2916/5000: High School Musical 3: Senior Year -> 200
2917/5000: The Fighter -> 200
2918/5000: Jackass Number Two -> 200
2919/5000: My Cousin Vinny -> 200
2920/5000: If I Stay -> 200
2921/5000: Drive Hard -> 200
2922/5000: Major League -> 200
2923/5000: St. Trinian's -> 200
2924/5000: Phone Booth -> 200
2925/5000: A Walk to Remember -> 200
2926/5000: Dead Man Walking -> 200
2927/5000: Cruel Intentions -> 200
2928/5000: Saw VI -> 200
2929/5000: History of the World: Part I -> 200
2930/5000: The Secret Life of Bees -> 200
2931/5000: Corky Romano -> 200
2932/5000: Raising Cain -> 200
2933/5000: F.I.S.T. -> 200
2934/5000: Invaders from Mars -> 200
2935/5000: Brooklyn -> 200
2936/5000: Barry Lyndon -> 200
2937/5000: Out Cold -> 200
2938/5000: The Ladies Man -> 200
2939/5000: Quartet -> 200
2940/5000: Tomcats -> 200
2941/5000: Frailty -> 200
2942/5000: Woman in Gold -> 200
2943/5000: Kinsey -> 200
2944/5000: Army of Darkness -> 200
2945/5000: Slackers -> 200
2946/5000: What's Eating Gilbert Grape -> 200
2947/5000: The Visual Bible: The Gospel of John -> 200
2948/5000: Vera Drake -> 200
2949/5000: The Guru -> 200
2950/5000: The Perez Family -> 200
2951/5000: Inside Llewyn Davis -> 200
2952/5000: O -> 200
2953/5000: Return to the Blue Lagoon -> 200
2954/5000: The Molly Maguires -> 200
2955/5000: Romance & Cigarettes -> 200
2956/5000: Copying Beethoven -> 200
2957/5000: Brighton Rock -> 200
2958/5000: Saw V -> 200
2959/5000: Machine Gun McCain -> 200
2960/5000: LOL -> 200
2961/5000: Jindabyne -> 200
2962/5000: Kabhi Alvida Naa Kehna -> 200
2963/5000: An Ideal Husband -> 200
2964/5000: The Last Days on Mars -> 200
2965/5000: Darkness -> 200
2966/5000: 2001: A Space Odyssey -> 200
2967/5000: E.T. the Extra-Terrestrial -> 200
2968/5000: In the Land of Women -> 200
2969/5000: The Blue Butterfly -> 200
2970/5000: There Goes My Baby -> 200
2971/5000: Housefull -> 200
2972/5000: September Dawn -> 200
2973/5000: For Greater Glory - The True Story of Cristiada -> 200
2974/5000: The Bélier Family -> 200
2975/5000: Good Will Hunting -> 200
2976/5000: Misconduct -> 200
2977/5000: Saw III -> 200
2978/5000: Stripes -> 200
2979/5000: Bring It On -> 200
2980/5000: The Purge: Election Year -> 200
2981/5000: She's All That -> 200
2982/5000: Saw IV -> 200
2983/5000: White Noise -> 200
2984/5000: Madea's Family Reunion -> 200
2985/5000: The Color of Money -> 200
2986/5000: The Longest Day -> 200
2987/5000: The Mighty Ducks -> 200
2988/5000: The Grudge -> 200
2989/5000: Happy Gilmore -> 200
2990/5000: Jeepers Creepers -> 200
2991/5000: Bill & Ted's Excellent Adventure -> 200
2992/5000: Oliver! -> 200
2993/5000: The Best Exotic Marigold Hotel -> 200
2994/5000: Recess: School's Out -> 200
2995/5000: Mad Max Beyond Thunderdome -> 200
2996/5000: Commando -> 200
2997/5000: The Boy -> 200
2998/5000: Devil -> 200
2999/5000: Friday After Next -> 200
3000/5000: Insidious: Chapter 3 -> 200
3001/5000: The Last Dragon -> 200
3002/5000: The Lawnmower Man -> 200
3003/5000: Nick and Norah's Infinite Playlist -> 200
3004/5000: Dogma -> 200
3005/5000: The Banger Sisters -> 200
3006/5000: Twilight Zone: The Movie -> 200
3007/5000: Road House -> 200
3008/5000: A Low Down Dirty Shame -> 200
3009/5000: Swimfan -> 200
3010/5000: Employee of the Month -> 200
3011/5000: Can't Hardly Wait -> 200
3012/5000: The Outsiders -> 200
3013/5000: Pete's Dragon -> 200
3014/5000: The Dead Zone -> 200
3015/5000: Sinister 2 -> 200
3016/5000: Sparkle -> 200
3017/5000: Valentine -> 200
3018/5000: The Fourth Kind -> 200
3019/5000: A Prairie Home Companion -> 200
3020/5000: Sugar Hill -> 200
3021/5000: Invasion U.S.A. -> 200
3022/5000: Roll Bounce -> 200
3023/5000: Rushmore -> 200
3024/5000: Skyline -> 200
3025/5000: The Second Best Exotic Marigold Hotel -> 200
3026/5000: Kit Kittredge: An American Girl -> 200
3027/5000: The Perfect Man -> 200
3028/5000: Mo' Better Blues -> 200
3029/5000: Kung Pow: Enter the Fist -> 200
3030/5000: Tremors -> 200
3031/5000: Wrong Turn -> 200
3032/5000: The Long Riders -> 200
3033/5000: The Corruptor -> 200
3034/5000: Mud -> 200
3035/5000: Reno 911!: Miami -> 200
3036/5000: One Direction: This Is Us -> 200
3037/5000: The Goods: Live Hard, Sell Hard -> 200
3038/5000: Hey Arnold! The Movie -> 200
3039/5000: My Week with Marilyn -> 200
3040/5000: The Matador -> 200
3041/5000: Love Jones -> 200
3042/5000: The Gift -> 200
3043/5000: End of the Spear -> 200
3044/5000: Get Over It -> 200
3045/5000: Office Space -> 200
3046/5000: Drop Dead Gorgeous -> 200
3047/5000: Big Eyes -> 200
3048/5000: Very Bad Things -> 200
3049/5000: Sleepover -> 200
3050/5000: Body Double -> 200
3051/5000: MacGruber -> 200
3052/5000: Dirty Pretty Things -> 200
3053/5000: Movie 43 -> 200
3054/5000: Over Her Dead Body -> 200
3055/5000: Seeking a Friend for the End of the World -> 200
3056/5000: Cedar Rapids -> 200
3057/5000: American History X -> 200
3058/5000: The Collection -> 200
3059/5000: Teacher's Pet -> 200
3060/5000: The Red Violin -> 200
3061/5000: The Straight Story -> 200
3062/5000: Deuces Wild -> 200
3063/5000: Bad Words -> 200
3064/5000: Run, Fatboy, Run -> 200
3065/5000: Heartbeeps -> 200
3066/5000: Black or White -> 200
3067/5000: On the Line -> 200
3068/5000: Rescue Dawn -> 200
3069/5000: Danny Collins -> 200
3070/5000: Jeff, Who Lives at Home -> 200
3071/5000: I Am Love -> 200
3072/5000: Atlas Shrugged Part II -> 200
3073/5000: Romeo Is Bleeding -> 200
3074/5000: The Limey -> 200
3075/5000: Crash -> 200
3076/5000: The House of Mirth -> 200
3077/5000: Malone -> 200
3078/5000: Peaceful Warrior -> 200
3079/5000: Bucky Larson: Born to Be a Star -> 200
3080/5000: Bamboozled -> 200
3081/5000: The Forest -> 200
3082/5000: Sphinx -> 200
3083/5000: While We're Young -> 200
3084/5000: A Better Life -> 200
3085/5000: Spider -> 200
3086/5000: Gun Shy -> 200
3087/5000: Nicholas Nickleby -> 200
3088/5000: The Iceman -> 200
3089/5000: Krrish -> 200
3090/5000: Cecil B. Demented -> 200
3091/5000: Killer Joe -> 200
3092/5000: The Joneses -> 200
3093/5000: Owning Mahowny -> 200
3094/5000: The Brothers Solomon -> 200
3095/5000: My Blueberry Nights -> 200
3096/5000: Illuminata -> 200
3097/5000: Swept Away -> 200
3098/5000: War, Inc. -> 200
3099/5000: Shaolin Soccer -> 200
3100/5000: The Brown Bunny -> 200
3101/5000: The Swindle -> 200
3102/5000: Rosewater -> 200
3103/5000: The Chambermaid on the Titanic -> 200
3104/5000: Coriolanus -> 200
3105/5000: Imaginary Heroes -> 200
3106/5000: High Heels and Low Lifes -> 200
3107/5000: World's Greatest Dad -> 200
3108/5000: Severance -> 200
3109/5000: Edmond -> 200
3110/5000: Welcome to the Rileys -> 200
3111/5000: Police Academy: Mission to Moscow -> 200
3112/5000: Blood Done Sign My Name -> 200
3113/5000: Cinco de Mayo: La Batalla -> 200
3114/5000: Elsa & Fred -> 200
3115/5000: An Alan Smithee Film: Burn, Hollywood, Burn -> 200
3116/5000: The Open Road -> 200
3117/5000: The Good Guy -> 200
3118/5000: Motherhood -> 200
3119/5000: Free Style -> 200
3120/5000: Strangerland -> 200
3121/5000: Janky Promoters -> 200
3122/5000: Blonde Ambition -> 200
3123/5000: The Oxford Murders -> 200
3124/5000: The Reef -> 200
3125/5000: Eulogy -> 200
3126/5000: White Noise 2: The Light -> 200
3127/5000: Beat the World -> 200
3128/5000: Fifty Dead Men Walking -> 200
3129/5000: Jungle Shuffle -> 200
3130/5000: Adam Resurrected -> 200
3131/5000: Of Horses and Men -> 200
3132/5000: It's a Wonderful Afterlife -> 200
3133/5000: The Devil's Tomb -> 200
3134/5000: Partition -> 200
3135/5000: Good Intentions -> 200
3136/5000: The Good, The Bad, The Weird -> 200
3137/5000: Nurse 3-D -> 200
3138/5000: Gunless -> 200
3139/5000: Adventureland -> 200
3140/5000: The Lost City -> 200
3141/5000: Next Friday -> 200
3142/5000: American Heist -> 200
3143/5000: You Only Live Twice -> 200
3144/5000: Plastic -> 200
3145/5000: Amour -> 200
3146/5000: Poltergeist III -> 200
3147/5000: Re-Kill -> 200
3148/5000: It's a Mad, Mad, Mad, Mad World -> 200
3149/5000: Volver -> 200
3150/5000: Heavy Metal -> 200
3151/5000: Gentlemen Broncos -> 200
3152/5000: Richard III -> 200
3153/5000: Into the Grizzly Maze -> 200
3154/5000: Kites -> 200
3155/5000: Melancholia -> 200
3156/5000: Red Dog -> 200
3157/5000: Jab Tak Hai Jaan -> 200
3158/5000: Alien -> 200
3159/5000: The Texas Chain Saw Massacre -> 200
3160/5000: The Runaways -> 200
3161/5000: Fiddler on the Roof -> 200
3162/5000: Thunderball -> 200
3163/5000: Detention -> 200
3164/5000: Loose Cannons -> 200
3165/5000: Set It Off -> 200
3166/5000: The Best Man -> 200
3167/5000: Child's Play -> 200
3168/5000: Sicko -> 200
3169/5000: The Purge: Anarchy -> 200
3170/5000: Down to You -> 200
3171/5000: Harold & Kumar Go to White Castle -> 200
3172/5000: The Contender -> 200
3173/5000: Boiler Room -> 200
3174/5000: Trading Places -> 200
3175/5000: Black Christmas -> 200
3176/5000: Breakin' All the Rules -> 200
3177/5000: Henry V -> 200
3178/5000: The Savages -> 200
3179/5000: Chasing Papi -> 200
3180/5000: The Way of the Gun -> 200
3181/5000: Igby Goes Down -> 200
3182/5000: PCU -> 200
3183/5000: The Ultimate Gift -> 200
3184/5000: The Ice Pirates -> 200
3185/5000: Gracie -> 200
3186/5000: Trust the Man -> 200
3187/5000: Hamlet 2 -> 200
3188/5000: Velvet Goldmine -> 200
3189/5000: The Wailing -> 200
3190/5000: Glee: The Concert Movie -> 200
3191/5000: The Legend of Suriyothai -> 200
3192/5000: Two Evil Eyes -> 200
3193/5000: Barbecue -> 200
3194/5000: All or Nothing -> 200
3195/5000: Princess Kaiulani -> 200
3196/5000: Opal Dream -> 200
3197/5000: Flame & Citron -> 200
3198/5000: Undiscovered -> 200
3199/5000: Red Riding: In the Year of Our Lord 1974 -> 200
3200/5000: The Girl on the Train -> 200
3201/5000: Veronika Decides to Die -> 200
3202/5000: Crocodile Dundee -> 200
3203/5000: Ultramarines: A Warhammer 40,000 Movie -> 200
3204/5000: The I Inside -> 200
3205/5000: Beneath Hill 60 -> 200
3206/5000: Polisse -> 200
3207/5000: Awake -> 200
3208/5000: Star Wars: Clone Wars: Volume 1 -> 200
3209/5000: Skin Trade -> 200
3210/5000: The Lost Boys -> 200
3211/5000: Crazy Heart -> 200
3212/5000: The Rose -> 200
3213/5000: Baggage Claim -> 200
3214/5000: Barbarella -> 200
3215/5000: Shipwrecked -> 200
3216/5000: Election -> 200
3217/5000: The Namesake -> 200
3218/5000: The DUFF -> 200
3219/5000: Glitter -> 200
3220/5000: The Haunting in Connecticut 2: Ghosts of Georgia -> 200
3221/5000: Silmido -> 200
3222/5000: Bright Star -> 200
3223/5000: My Name Is Khan -> 200
3224/5000: All Is Lost -> 200
3225/5000: Limbo -> 200
3226/5000: Namastey London -> 200
3227/5000: The Wind That Shakes the Barley -> 200
3228/5000: Yeh Jawaani Hai Deewani -> 200
3229/5000: Quo Vadis -> 200
3230/5000: Repo! The Genetic Opera -> 200
3231/5000: Valley of the Wolves: Iraq -> 200
3232/5000: Pulp Fiction -> 200
3233/5000: The Muppet Movie -> 200
3234/5000: Nightcrawler -> 200
3235/5000: Club Dread -> 200
3236/5000: The Sound of Music -> 200
3237/5000: Splash -> 200
3238/5000: Little Miss Sunshine -> 200
3239/5000: Stand by Me -> 200
3240/5000: 28 Days Later -> 200
3241/5000: You Got Served -> 200
3242/5000: Escape from Alcatraz -> 200
3243/5000: Brown Sugar -> 200
3244/5000: A Thin Line Between Love and Hate -> 200
3245/5000: 50/50 -> 200
3246/5000: Shutter -> 200
3247/5000: That Awkward Moment -> 200
3248/5000: Modern Problems -> 200
3249/5000: Kicks -> 200
3250/5000: Much Ado About Nothing -> 200
3251/5000: On Her Majesty's Secret Service -> 200
3252/5000: New Nightmare -> 200
3253/5000: Drive Me Crazy -> 200
3254/5000: Akeelah and the Bee -> 200
3255/5000: Half Baked -> 200
3256/5000: New in Town -> 200
3257/5000: American Psycho -> 200
3258/5000: The Good Girl -> 200
3259/5000: Bon Cop Bad Cop -> 200
3260/5000: The Boondock Saints II: All Saints Day -> 200
3261/5000: The City of Your Final Destination -> 200
3262/5000: Enough Said -> 200
3263/5000: Easy A -> 200
3264/5000: The Inkwell -> 200
3265/5000: Shadow of the Vampire -> 200
3266/5000: Prom -> 200
3267/5000: The Pallbearer -> 200
3268/5000: Held Up -> 200
3269/5000: Woman on Top -> 200
3270/5000: Howards End -> 200
3271/5000: Anomalisa -> 200
3272/5000: Another Year -> 200
3273/5000: 8 Women -> 200
3274/5000: Showdown in Little Tokyo -> 200
3275/5000: Clay Pigeons -> 200
3276/5000: It's Kind of a Funny Story -> 200
3277/5000: Made in Dagenham -> 200
3278/5000: When Did You Last See Your Father? -> 200
3279/5000: Prefontaine -> 200
3280/5000: The Wicked Lady -> 200
3281/5000: The Secret of Kells -> 200
3282/5000: Begin Again -> 200
3283/5000: Down in the Valley -> 200
3284/5000: Brooklyn Rules -> 200
3285/5000: Restless -> 200
3286/5000: The Singing Detective -> 200
3287/5000: The Land Girls -> 200
3288/5000: Fido -> 200
3289/5000: The Wendell Baker Story -> 200
3290/5000: Wild Target -> 200
3291/5000: Pathology -> 200
3292/5000: Wuthering Heights -> 200
3293/5000: 10th & Wolf -> 200
3294/5000: Dear Wendy -> 200
3295/5000: Aloft -> 200
3296/5000: Akira -> 200
3297/5000: The Death and Life of Bobby Z -> 200
3298/5000: The Rocket: The Legend of Rocket Richard -> 200
3299/5000: Swelter -> 200
3300/5000: My Lucky Star -> 200
3301/5000: Imagine Me & You -> 200
3302/5000: Mr. Church -> 200
3303/5000: Swimming Pool -> 200
3304/5000: Green Street Hooligans: Underground -> 200
3305/5000: The Blood of Heroes -> 200
3306/5000: Code of Honor -> 200
3307/5000: Driving Miss Daisy -> 200
3308/5000: Soul Food -> 200
3309/5000: Rumble in the Bronx -> 200
3310/5000: Far from Men -> 200
3311/5000: Thank You for Smoking -> 200
3312/5000: Hostel: Part II -> 200
3313/5000: An Education -> 200
3314/5000: Shopgirl -> 200
3315/5000: The Hotel New Hampshire -> 200
3316/5000: Narc -> 200
3317/5000: Men with Brooms -> 200
3318/5000: Witless Protection -> 200
3319/5000: The Work and the Glory -> 200
3320/5000: Extract -> 200
3321/5000: Masked and Anonymous -> 200
3322/5000: Betty Fisher and Other Stories -> 200
3323/5000: Code 46 -> 200
3324/5000: Outside Bet -> 200
3325/5000: Albert Nobbs -> 200
3326/5000: Black November -> 200
3327/5000: Ta Ra Rum Pum -> 200
3328/5000: Persepolis -> 200
3329/5000: The Hole -> 200
3330/5000: The Wave -> 200
3331/5000: The Neon Demon -> 200
3332/5000: Harry Brown -> 200
3333/5000: The Omega Code -> 200
3334/5000: Juno -> 200
3335/5000: Pound of Flesh -> 200
3336/5000: Diamonds Are Forever -> 200
3337/5000: The Godfather -> 200
3338/5000: Flashdance -> 200
3339/5000: (500) Days of Summer -> 200
3340/5000: The Piano -> 200
3341/5000: Magic Mike -> 200
3342/5000: Darkness Falls -> 200
3343/5000: Live and Let Die -> 200
3344/5000: My Dog Skip -> 200
3345/5000: Definitely, Maybe -> 200
3346/5000: Jumping the Broom -> 200
3347/5000: Good Night, and Good Luck. -> 200
3348/5000: Capote -> 200
3349/5000: Desperado -> 200
3350/5000: Logan's Run -> 200
3351/5000: The Man with the Golden Gun -> 200
3352/5000: Action Jackson -> 200
3353/5000: The Descent -> 200
3354/5000: Michael Jordan to the Max -> 200
3355/5000: Devil's Due -> 200
3356/5000: Flirting with Disaster -> 200
3357/5000: The Devil's Rejects -> 200
3358/5000: Dope -> 200
3359/5000: In Too Deep -> 200
3360/5000: House of 1000 Corpses -> 200
3361/5000: Alien Zone -> 200
3362/5000: A Serious Man -> 200
3363/5000: Get Low -> 200
3364/5000: Warlock -> 200
3365/5000: Beyond the Lights -> 200
3366/5000: A Single Man -> 200
3367/5000: The Last Temptation of Christ -> 200
3368/5000: Outside Providence -> 200
3369/5000: Bride & Prejudice -> 200
3370/5000: Rabbit-Proof Fence -> 200
3371/5000: Who's Your Caddy? -> 200
3372/5000: Split Second -> 200
3373/5000: The Other Side of Heaven -> 200
3374/5000: Veer-Zaara -> 200
3375/5000: Redbelt -> 200
3376/5000: Cyrus -> 200
3377/5000: A Dog Of Flanders -> 200
3378/5000: Auto Focus -> 200
3379/5000: Factory Girl -> 200
3380/5000: We Need to Talk About Kevin -> 200
3381/5000: The Christmas Candle -> 200
3382/5000: The Mighty Macs -> 200
3383/5000: Losin' It -> 200
3384/5000: Mother and Child -> 200
3385/5000: March or Die -> 200
3386/5000: The Visitors -> 200
3387/5000: Somewhere -> 200
3388/5000: I Hope They Serve Beer in Hell -> 200
3389/5000: Chairman of the Board -> 200
3390/5000: Hesher -> 200
3391/5000: Dom Hemingway -> 200
3392/5000: Gerry -> 200
3393/5000: The Heart of Me -> 200
3394/5000: Freeheld -> 200
3395/5000: The Extra Man -> 200
3396/5000: Hard to Be a God -> 200
3397/5000: Ca$h -> 200
3398/5000: Wah-Wah -> 200
3399/5000: The Boondock Saints -> 200
3400/5000: Z Storm -> 200
3401/5000: Twixt -> 200
3402/5000: The Snow Queen -> 200
3403/5000: Alpha and Omega: The Legend of the Saw Tooth Cave -> 200
3404/5000: Pale Rider -> 200
3405/5000: Stargate: The Ark of Truth -> 200
3406/5000: Dazed and Confused -> 200
3407/5000: High School Musical 2 -> 200
3408/5000: Two Lovers and a Bear -> 200
3409/5000: Criminal Activities -> 200
3410/5000: Aimee & Jaguar -> 200
3411/5000: The Chumscrubber -> 200
3412/5000: Shade -> 200
3413/5000: House at the End of the Street -> 200
3414/5000: Incendies -> 200
3415/5000: Remember Me, My Love -> 200
3416/5000: Perrier’s Bounty -> 200
3417/5000: Elite Squad -> 200
3418/5000: Annabelle -> 200
3419/5000: Bran Nue Dae -> 200
3420/5000: Boyz n the Hood -> 200
3421/5000: La Bamba -> 200
3422/5000: The Four Seasons -> 200
3423/5000: Dressed to Kill -> 200
3424/5000: The Adventures of Huck Finn -> 200
3425/5000: Go -> 200
3426/5000: Friends with Money -> 200
3427/5000: The Andromeda Strain -> 200
3428/5000: Bats -> 200
3429/5000: Nowhere in Africa -> 200
3430/5000: Shame -> 200
3431/5000: Layer Cake -> 200
3432/5000: The Work and the Glory II: American Zion -> 200
3433/5000: The East -> 200
3434/5000: A Home at the End of the World -> 200
3435/5000: Aberdeen -> 200
3436/5000: The Messenger -> 200
3437/5000: Tracker -> 200
3438/5000: Control -> 200
3439/5000: The Terminator -> 200
3440/5000: Good bye, Lenin! -> 200
3441/5000: The Damned United -> 200
3442/5000: The Return of the Living Dead -> 200
3443/5000: Mallrats -> 200
3444/5000: Grease -> 200
3445/5000: Platoon -> 200
3446/5000: Fahrenheit 9/11 -> 200
3447/5000: Butch Cassidy and the Sundance Kid -> 200
3448/5000: Mary Poppins -> 200
3449/5000: Ordinary People -> 200
3450/5000: West Side Story -> 200
3451/5000: Caddyshack -> 200
3452/5000: The Brothers -> 200
3453/5000: The Wood -> 200
3454/5000: The Usual Suspects -> 200
3455/5000: A Nightmare on Elm Street 5: The Dream Child -> 200
3456/5000: National Lampoon’s Van Wilder -> 200
3457/5000: The Wrestler -> 200
3458/5000: Duel in the Sun -> 200
3459/5000: Best in Show -> 200
3460/5000: Escape from New York -> 200
3461/5000: School Daze -> 200
3462/5000: Daddy Day Camp -> 200
3463/5000: Mr. Nice Guy -> 200
3464/5000: A Mighty Wind -> 200
3465/5000: Mystic Pizza -> 200
3466/5000: Sliding Doors -> 200
3467/5000: Tales from the Hood -> 200
3468/5000: The Last King of Scotland -> 200
3469/5000: Halloween 5: The Revenge of Michael Myers -> 200
3470/5000: Bernie -> 200
3471/5000: Dolphins and Whales: Tribes of the Ocean -> 200
3472/5000: Pollock -> 200
3473/5000: 200 Cigarettes -> 200
3474/5000: The Words -> 200
3475/5000: Casa De Mi Padre -> 200
3476/5000: City Island -> 200
3477/5000: The Guard -> 200
3478/5000: College -> 200
3479/5000: The Virgin Suicides -> 200
3480/5000: Little Voice -> 200
3481/5000: Miss March -> 200
3482/5000: Wish I Was Here -> 200
3483/5000: Simply Irresistible -> 200
3484/5000: Hedwig and the Angry Inch -> 200
3485/5000: Only the Strong -> 200
3486/5000: Goddess of Love -> 200
3487/5000: Shattered Glass -> 200
3488/5000: Novocaine -> 200
3489/5000: The Business of Strangers -> 200
3490/5000: The Wild Bunch -> 200
3491/5000: The Wackness -> 200
3492/5000: The First Great Train Robbery -> 200
3493/5000: Morvern Callar -> 200
3494/5000: Beastmaster 2: Through the Portal of Time -> 200
3495/5000: The 5th Quarter -> 200
3496/5000: The Flower of Evil -> 200
3497/5000: The Greatest -> 200
3498/5000: Snow Flower and the Secret Fan -> 200
3499/5000: Come Early Morning -> 200
3500/5000: Lucky Break -> 200
3501/5000: Julia -> 200
3502/5000: Surfer, Dude -> 200
3503/5000: Lake of Fire -> 200
3504/5000: 11:14 -> 200
3505/5000: Men of War -> 200
3506/5000: Don McKay -> 200
3507/5000: Deadfall -> 200
3508/5000: A Shine of Rainbows -> 200
3509/5000: The Hit List -> 200
3510/5000: Emma -> 200
3511/5000: Videodrome -> 200
3512/5000: The Spanish Apartment -> 200
3513/5000: Song One -> 200
3514/5000: Winter in Wartime -> 200
3515/5000: Freaky Deaky -> 200
3516/5000: The Train -> 200
3517/5000: Trade Of Innocents -> 200
3518/5000: The Protector -> 200
3519/5000: Stiff Upper Lips -> 200
3520/5000: Bend It Like Beckham -> 200
3521/5000: Sunshine State -> 200
3522/5000: Crossover -> 200
3523/5000: Khiladi 786 -> 200
3524/5000: [REC]² -> 200
3525/5000: Standing Ovation -> 200
3526/5000: The Sting -> 200
3527/5000: Chariots of Fire -> 200
3528/5000: Diary of a Mad Black Woman -> 200
3529/5000: Shine -> 200
3530/5000: Don Jon -> 200
3531/5000: High Plains Drifter -> 200
3532/5000: Ghost World -> 200
3533/5000: Iris -> 200
3534/5000: Galaxina -> 200
3535/5000: The Chorus -> 200
3536/5000: Mambo Italiano -> 200
3537/5000: Wonderland -> 200
3538/5000: Do the Right Thing -> 200
3539/5000: Harvard Man -> 200
3540/5000: Le Havre -> 200
3541/5000: Irreversible -> 200
3542/5000: R100 -> 200
3543/5000: Rang De Basanti -> 200
3544/5000: Animals -> 200
3545/5000: Salvation Boulevard -> 200
3546/5000: The Ten -> 200
3547/5000: A Room for Romeo Brass -> 200
3548/5000: Headhunters -> 200
3549/5000: Grabbers -> 200
3550/5000: Saint Ralph -> 200
3551/5000: Miss Julie -> 200
3552/5000: Somewhere in Time -> 200
3553/5000: Dum Maaro Dum -> 200
3554/5000: Insidious: Chapter 2 -> 200
3555/5000: Saw II -> 200
3556/5000: 10 Cloverfield Lane -> 200
3557/5000: Jackass: The Movie -> 200
3558/5000: Lights Out -> 200
3559/5000: Paranormal Activity 3 -> 200
3560/5000: Ouija -> 200
3561/5000: A Nightmare on Elm Street 3: Dream Warriors -> 200
3562/5000: Instructions Not Included -> 200
3563/5000: Paranormal Activity 4 -> 200
3564/5000: The Robe -> 200
3565/5000: The Return of the Pink Panther -> 200
3566/5000: Freddy's Dead: The Final Nightmare -> 200
3567/5000: Monster -> 200
3568/5000: 20,000 Leagues Under the Sea -> 200
3569/5000: Paranormal Activity: The Marked Ones -> 200
3570/5000: The Elephant Man -> 200
3571/5000: Dallas Buyers Club -> 200
3572/5000: The Lazarus Effect -> 200
3573/5000: Memento -> 200
3574/5000: Oculus -> 200
3575/5000: Clerks II -> 200
3576/5000: Billy Elliot -> 200
3577/5000: The Way Way Back -> 200
3578/5000: House Party 2 -> 200
3579/5000: The Man from Snowy River -> 200
3580/5000: Doug's 1st Movie -> 200
3581/5000: The Apostle -> 200
3582/5000: Mommie Dearest -> 200
3583/5000: Our Idiot Brother -> 200
3584/5000: Race -> 200
3585/5000: The Players Club -> 200
3586/5000: As Above, So Below -> 200
3587/5000: Addicted -> 200
3588/5000: Eve's Bayou -> 200
3589/5000: Still Alice -> 200
3590/5000: The Egyptian -> 200
3591/5000: Nighthawks -> 200
3592/5000: Friday the 13th Part VIII: Jason Takes Manhattan -> 200
3593/5000: My Big Fat Greek Wedding -> 200
3594/5000: Spring Breakers -> 200
3595/5000: Halloween: The Curse of Michael Myers -> 200
3596/5000: Y Tu Mamá También -> 200
3597/5000: Shaun of the Dead -> 200
3598/5000: The Haunting of Molly Hartley -> 200
3599/5000: Lone Star -> 200
3600/5000: Halloween 4: The Return of Michael Myers -> 200
3601/5000: April Fool's Day -> 200
3602/5000: Diner -> 200
3603/5000: Lone Wolf McQuade -> 200
3604/5000: Apollo 18 -> 200
3605/5000: Sunshine Cleaning -> 200
3606/5000: No Escape -> 200
3607/5000: The Beastmaster -> 200
3608/5000: Solomon and Sheba -> 200
3609/5000: Fifty Shades of Black -> 200
3610/5000: Not Easily Broken -> 200
3611/5000: A Farewell to Arms -> 200
3612/5000: The Perfect Match -> 200
3613/5000: Digimon: The Movie -> 200
3614/5000: Saved! -> 200
3615/5000: The Barbarian Invasions -> 200
3616/5000: Robin and Marian -> 200
3617/5000: The Forsaken -> 200
3618/5000: Force 10 from Navarone -> 200
3619/5000: UHF -> 200
3620/5000: Grandma's Boy -> 200
3621/5000: Slums of Beverly Hills -> 200
3622/5000: Once Upon a Time in the West -> 200
3623/5000: Made -> 200
3624/5000: Moon -> 200
3625/5000: Keeping Up with the Steins -> 200
3626/5000: Sea Rex 3D: Journey to a Prehistoric World -> 200
3627/5000: The Sweet Hereafter -> 200
3628/5000: Of Gods and Men -> 200
3629/5000: Bottle Shock -> 200
3630/5000: Jekyll and Hyde ... Together Again -> 200
3631/5000: Heavenly Creatures -> 200
3632/5000: 90 Minutes in Heaven -> 200
3633/5000: Everything Must Go -> 200
3634/5000: Zero Effect -> 200
3635/5000: The Machinist -> 200
3636/5000: Light Sleeper -> 200
3637/5000: Kill the Messenger -> 200
3638/5000: Rabbit Hole -> 200
3639/5000: Party Monster -> 200
3640/5000: Green Room -> 200
3641/5000: The Oh in Ohio -> 200
3642/5000: Atlas Shrugged Part III: Who is John Galt? -> 200
3643/5000: Bottle Rocket -> 200
3644/5000: Albino Alligator -> 200
3645/5000: Gandhi, My Father -> 200
3646/5000: Standard Operating Procedure -> 200
3647/5000: Out of the Blue -> 200
3648/5000: Tucker and Dale vs Evil -> 200
3649/5000: Lovely, Still -> 200
3650/5000: Tycoon -> 200
3651/5000: Desert Blue -> 200
3652/5000: Decoys -> 200
3653/5000: The Visit -> 200
3654/5000: Redacted -> 200
3655/5000: Fascination -> 200
3656/5000: Area 51 -> 200
3657/5000: Sleep Tight -> 200
3658/5000: The Cottage -> 200
3659/5000: Dead Like Me: Life After Death -> 200
3660/5000: Farce of the Penguins -> 200
3661/5000: Flying By -> 200
3662/5000: Rudderless -> 200
3663/5000: Henry & Me -> 200
3664/5000: Christmas Eve -> 200
3665/5000: We Have Your Husband -> 200
3666/5000: Dying of the Light -> 200
3667/5000: Born Of War -> 200
3668/5000: Capricorn One -> 200
3669/5000: Should've Been Romeo -> 200
3670/5000: Running Forever -> 200
3671/5000: Yoga Hosers -> 200
3672/5000: Navy Seals vs. Zombies -> 200
3673/5000: I Served the King of England -> 200
3674/5000: Soul Kitchen -> 200
3675/5000: Sling Blade -> 200
3676/5000: The Awakening -> 200
3677/5000: Hostel -> 200
3678/5000: A Cock and Bull Story -> 200
3679/5000: Take Shelter -> 200
3680/5000: Lady in White -> 200
3681/5000: Driving Lessons -> 200
3682/5000: Let's Kill Ward's Wife -> 200
3683/5000: The Texas Chainsaw Massacre 2 -> 200
3684/5000: Pat Garrett & Billy the Kid -> 200
3685/5000: Only God Forgives -> 200
3686/5000: Camping Sauvage -> 200
3687/5000: Without Men -> 200
3688/5000: Dear Frankie -> 200
3689/5000: All Hat -> 200
3690/5000: The Names of Love -> 200
3691/5000: Treading Water -> 200
3692/5000: Savage Grace -> 200
3693/5000: Out of the Blue -> 200
3694/5000: Police Academy -> 200
3695/5000: The Blue Lagoon -> 200
3696/5000: Four Weddings and a Funeral -> 200
3697/5000: Fast Times at Ridgemont High -> 200
3698/5000: Moby Dick -> 200
3699/5000: 25th Hour -> 200
3700/5000: Bound -> 200
3701/5000: Requiem for a Dream -> 200
3702/5000: State Fair -> 200
3703/5000: Tango -> 200
3704/5000: Salvador -> 200
3705/5000: Moms' Night Out -> 200
3706/5000: Donnie Darko -> 200
3707/5000: Saving Private Perez -> 200
3708/5000: Character -> 200
3709/5000: Spun -> 200
3710/5000: Life During Wartime -> 200
3711/5000: Sympathy for Lady Vengeance -> 200
3712/5000: Mozart's Sister -> 200
3713/5000: Mean Machine -> 200
3714/5000: Exiled -> 200
3715/5000: Blackthorn -> 200
3716/5000: Lilya 4-ever -> 200
3717/5000: After.Life -> 200
3718/5000: Fugly -> 200
3719/5000: One Flew Over the Cuckoo's Nest -> 200
3720/5000: R.L. Stine's Monsterville: The Cabinet of Souls -> 200
3721/5000: Silent Movie -> 200
3722/5000: Airlift -> 200
3723/5000: Anne of Green Gables -> 200
3724/5000: Falcon Rising -> 200
3725/5000: The Sweeney -> 200
3726/5000: Sexy Beast -> 200
3727/5000: Easy Money -> 200
3728/5000: Whale Rider -> 200
3729/5000: Paa -> 200
3730/5000: Cargo -> 200
3731/5000: High School Musical -> 200
3732/5000: Love and Death on Long Island -> 200
3733/5000: Night Watch -> 200
3734/5000: The Crying Game -> 200
3735/5000: Porky's -> 200
3736/5000: Survival of the Dead -> 200
3737/5000: Night of the Living Dead -> 200
3738/5000: Lost in Translation -> 200
3739/5000: Annie Hall -> 200
3740/5000: The Greatest Show on Earth -> 200
3741/5000: Monster's Ball -> 200
3742/5000: Maggie -> 200
3743/5000: Leaving Las Vegas -> 200
3744/5000: Hansel and Gretel Get Baked -> 200
3745/5000: The Front Page -> 200
3746/5000: The Boy Next Door -> 200
3747/5000: Trapeze -> 200
3748/5000: The Kids Are All Right -> 200
3749/5000: They Live -> 200
3750/5000: The Great Escape -> 200
3751/5000: What the #$*! Do We (K)now!? -> 200
3752/5000: The Last Exorcism Part II -> 200
3753/5000: Boyhood -> 200
3754/5000: Scoop -> 200
3755/5000: The Wash -> 200
3756/5000: 3 Strikes -> 200
3757/5000: The Cooler -> 200
3758/5000: The Misfits -> 200
3759/5000: The Night Listener -> 200
3760/5000: The Jerky Boys -> 200
3761/5000: The Orphanage -> 200
3762/5000: A Haunted House 2 -> 200
3763/5000: The Rules of Attraction -> 200
3764/5000: Topaz -> 200
3765/5000: Let's Go to Prison -> 200
3766/5000: Four Rooms -> 200
3767/5000: Secretary -> 200
3768/5000: The Real Cancun -> 200
3769/5000: Talk Radio -> 200
3770/5000: Waiting for Guffman -> 200
3771/5000: Love Stinks -> 200
3772/5000: You Kill Me -> 200
3773/5000: Thumbsucker -> 200
3774/5000: Red State -> 200
3775/5000: Mirrormask -> 200
3776/5000: Samsara -> 200
3777/5000: The Barbarians -> 200
3778/5000: The Art of Getting By -> 200
3779/5000: Zipper -> 200
3780/5000: Poolhall Junkies -> 200
3781/5000: The Loss of Sexual Innocence -> 200
3782/5000: Holy Motors -> 200
3783/5000: Joe -> 200
3784/5000: Shooting Fish -> 200
3785/5000: Prison -> 200
3786/5000: Psycho Beach Party -> 200
3787/5000: The Big Tease -> 200
3788/5000: Guten Tag, Ramón -> 200
3789/5000: Trust -> 200
3790/5000: An Everlasting Piece -> 200
3791/5000: Among Giants -> 200
3792/5000: Adore -> 200
3793/5000: The Velocity of Gary -> 200
3794/5000: Mondays in the Sun -> 200
3795/5000: Stake Land -> 200
3796/5000: The Last Time I Committed Suicide -> 200
3797/5000: Futuro Beach -> 200
3798/5000: Another Happy Day -> 200
3799/5000: A Lonely Place to Die -> 200
3800/5000: Nothing -> 200
3801/5000: The Geographer Drank His Globe Away -> 200
3802/5000: 1776 -> 200
3803/5000: Inescapable -> 200
3804/5000: Hell's Angels -> 200
3805/5000: Purple Violets -> 200
3806/5000: The Veil -> 200
3807/5000: The Loved Ones -> 200
3808/5000: The Helpers -> 200
3809/5000: How to Fall in Love -> 200
3810/5000: The Perfect Wave -> 200
3811/5000: A Man for All Seasons -> 200
3812/5000: Network -> 200
3813/5000: Gone with the Wind -> 200
3814/5000: Desert Dancer -> 200
3815/5000: Major Dundee -> 200
3816/5000: Annie Get Your Gun -> 200
3817/5000: Four Lions -> 200
3818/5000: The House of Sand -> 200
3819/5000: Defendor -> 200
3820/5000: The Pirate -> 200
3821/5000: The Good Heart -> 200
3822/5000: The History Boys -> 200
3823/5000: Midnight Cowboy -> 200
3824/5000: The Full Monty -> 200
3825/5000: Airplane! -> 200
3826/5000: Chain of Command -> 200
3827/5000: Friday -> 200
3828/5000: Menace II Society -> 200
3829/5000: Creepshow 2 -> 200
3830/5000: The Ballad of Cable Hogue -> 200
3831/5000: In Cold Blood -> 200
3832/5000: The Nun's Story -> 200
3833/5000: Harper -> 200
3834/5000: Frenzy -> 200
3835/5000: The Witch -> 200
3836/5000: I Got the Hook Up -> 200
3837/5000: She's the One -> 200
3838/5000: Gods and Monsters -> 200
3839/5000: The Secret in Their Eyes -> 200
3840/5000: Train -> 200
3841/5000: Evil Dead II -> 200
3842/5000: Pootie Tang -> 200
3843/5000: Sharknado -> 200
3844/5000: The Other Conquest -> 200
3845/5000: Troll Hunter -> 200
3846/5000: Ira & Abby -> 200
3847/5000: Winter Passing -> 200
3848/5000: D.E.B.S. -> 200
3849/5000: The Masked Saint -> 200
3850/5000: The Betrayed -> 200
3851/5000: Taxman -> 200
3852/5000: The Secret -> 200
3853/5000: 2:13 -> 200
3854/5000: Batman: The Dark Knight Returns, Part 2 -> 200
3855/5000: Time to Choose -> 200
3856/5000: In the Name of the King III -> 200
3857/5000: Wicked Blood -> 200
3858/5000: Stranded -> 200
3859/5000: Lords of London -> 200
3860/5000: High Anxiety -> 200
3861/5000: March of the Penguins -> 200
3862/5000: Margin Call -> 200
3863/5000: August -> 200
3864/5000: Choke -> 200
3865/5000: Whiplash -> 200
3866/5000: City of God -> 200
3867/5000: Human Traffic -> 200
3868/5000: To Write Love on Her Arms -> 200
3869/5000: The Dead Girl -> 200
3870/5000: The Hunt -> 200
3871/5000: A Christmas Story -> 200
3872/5000: Bella -> 200
3873/5000: Class of 1984 -> 200
3874/5000: The Opposite Sex -> 200
3875/5000: Dreaming of Joseph Lees -> 200
3876/5000: The Class -> 200
3877/5000: Rosemary's Baby -> 200
3878/5000: The Man Who Shot Liberty Valance -> 200
3879/5000: Adam -> 200
3880/5000: Maria Full of Grace -> 200
3881/5000: Beginners -> 200
3882/5000: Feast -> 200
3883/5000: Animal House -> 200
3884/5000: Goldfinger -> 200
3885/5000: Antiviral -> 200
3886/5000: It's a Wonderful Life -> 200
3887/5000: Trainspotting -> 200
3888/5000: The Original Kings of Comedy -> 200
3889/5000: Paranormal Activity 2 -> 200
3890/5000: Waking Ned -> 200
3891/5000: Bowling for Columbine -> 200
3892/5000: Coming Home -> 200
3893/5000: A Nightmare on Elm Street Part 2: Freddy's Revenge -> 200
3894/5000: A Room with a View -> 200
3895/5000: The Purge -> 200
3896/5000: Sinister -> 200
3897/5000: Martin Lawrence Live: Runteldat -> 200
3898/5000: Cat on a Hot Tin Roof -> 200
3899/5000: Beneath the Planet of the Apes -> 200
3900/5000: Air Bud -> 200
3901/5000: Pokémon: Spell of the Unknown -> 200
3902/5000: Friday the 13th Part VI: Jason Lives -> 200
3903/5000: The Bridge on the River Kwai -> 200
3904/5000: Spaced Invaders -> 200
3905/5000: Family Plot -> 200
3906/5000: The Apartment -> 200
3907/5000: Jason Goes to Hell: The Final Friday -> 200
3908/5000: Torn Curtain -> 200
3909/5000: Dave Chappelle's Block Party -> 200
3910/5000: Slow West -> 200
3911/5000: Krush Groove -> 200
3912/5000: Next Day Air -> 200
3913/5000: Elmer Gantry -> 200
3914/5000: Judgment at Nuremberg -> 200
3915/5000: Trippin' -> 200
3916/5000: Red River -> 200
3917/5000: Phat Girlz -> 200
3918/5000: Before Midnight -> 200
3919/5000: Teen Wolf Too -> 200
3920/5000: Phantasm II -> 200
3921/5000: Woman Thou Art Loosed -> 200
3922/5000: Real Women Have Curves -> 200
3923/5000: Water -> 200
3924/5000: East Is East -> 200
3925/5000: Whipped -> 200
3926/5000: Kama Sutra - A Tale of Love -> 200
3927/5000: Please Give -> 200
3928/5000: Willy Wonka & the Chocolate Factory -> 200
3929/5000: Warlock: The Armageddon -> 200
3930/5000: 8 Heads in a Duffel Bag -> 200
3931/5000: Days of Heaven -> 200
3932/5000: Thirteen Conversations About One Thing -> 200
3933/5000: Jawbreaker -> 200
3934/5000: Basquiat -> 200
3935/5000: Frances Ha -> 200
3936/5000: Tsotsi -> 200
3937/5000: Happiness -> 200
3938/5000: DysFunktional Family -> 200
3939/5000: Tusk -> 200
3940/5000: Oldboy -> 200
3941/5000: Letters to God -> 200
3942/5000: Hobo with a Shotgun -> 200
3943/5000: Compadres -> 200
3944/5000: Freeway -> 200
3945/5000: Love's Abiding Joy -> 200
3946/5000: Fish Tank -> 200
3947/5000: Damsels in Distress -> 200
3948/5000: Creature -> 200
3949/5000: Bachelorette -> 200
3950/5000: Brave New Girl -> 200
3951/5000: Tim and Eric's Billion Dollar Movie -> 200
3952/5000: Summer Storm -> 200
3953/5000: Fort McCoy -> 200
3954/5000: Chain Letter -> 200
3955/5000: Just Looking -> 200
3956/5000: The Divide -> 200
3957/5000: The Eclipse -> 200
3958/5000: Demonic -> 200
3959/5000: My Big Fat Independent Movie -> 200
3960/5000: The Deported -> 200
3961/5000: Tanner Hall -> 200
3962/5000: Open Road -> 200
3963/5000: They Came Together -> 200
3964/5000: 30 Nights of Paranormal Activity With the Devil Inside the Girl With the Dragon Tattoo -> 200
3965/5000: Never Back Down 2: The Beatdown -> 200
3966/5000: Point Blank -> 200
3967/5000: Four Single Fathers -> 200
3968/5000: Enter the Dangerous Mind -> 200
3969/5000: Something Wicked -> 200
3970/5000: AWOL-72 -> 200
3971/5000: Iguana -> 200
3972/5000: Chicago Overcoat -> 200
3973/5000: Barry Munday -> 200
3974/5000: Central Station -> 200
3975/5000: Pocketful of Miracles -> 200
3976/5000: Close Range -> 200
3977/5000: Boynton Beach Club -> 200
3978/5000: Amnesiac -> 200
3979/5000: Freakonomics -> 200
3980/5000: High Tension -> 200
3981/5000: Griff the Invisible -> 200
3982/5000: Unnatural -> 200
3983/5000: Hustle & Flow -> 200
3984/5000: Some Like It Hot -> 200
3985/5000: Friday the 13th Part VII: The New Blood -> 200
3986/5000: The Wizard of Oz -> 200
3987/5000: Young Frankenstein -> 200
3988/5000: Diary of the Dead -> 200
3989/5000: Lage Raho Munna Bhai -> 200
3990/5000: Ulee's Gold -> 200
3991/5000: The Black Stallion -> 200
3992/5000: Sardaarji -> 200
3993/5000: Journey to Saturn -> 200
3994/5000: Donovan's Reef -> 200
3995/5000: The Dress -> 200
3996/5000: A Guy Named Joe -> 200
3997/5000: Blazing Saddles -> 200
3998/5000: Friday the 13th: The Final Chapter -> 200
3999/5000: Ida -> 200
4000/5000: Maurice -> 200
4001/5000: Beer League -> 200
4002/5000: Riding Giants -> 200
4003/5000: Timecrimes -> 200
4004/5000: Silver Medalist -> 200
4005/5000: Timber Falls -> 200
4006/5000: Singin' in the Rain -> 200
4007/5000: Fat, Sick & Nearly Dead -> 200
4008/5000: A Haunted House -> 200
4009/5000: 2016: Obama's America -> 200
4010/5000: That Thing You Do! -> 200
4011/5000: Halloween III: Season of the Witch -> 200
4012/5000: Escape from the Planet of the Apes -> 200
4013/5000: Hud -> 200
4014/5000: Kevin Hart: Let Me Explain -> 200
4015/5000: My Own Private Idaho -> 200
4016/5000: Garden State -> 200
4017/5000: Before Sunrise -> 200
4018/5000: Evil Words -> 200
4019/5000: Jesus' Son -> 200
4020/5000: Saving Face -> 200
4021/5000: Brick Lane -> 200
4022/5000: Robot & Frank -> 200
4023/5000: My Life Without Me -> 200
4024/5000: The Spectacular Now -> 200
4025/5000: Religulous -> 200
4026/5000: Fuel -> 200
4027/5000: Valley of the Heart's Delight -> 200
4028/5000: Eye of the Dolphin -> 200
4029/5000: 8: The Mormon Proposition -> 200
4030/5000: The Other End of the Line -> 200
4031/5000: Anatomy -> 200
4032/5000: Sleep Dealer -> 200
4033/5000: Super -> 200
4034/5000: Christmas Mail -> 200
4035/5000: Stung -> 200
4036/5000: Antibirth -> 200
4037/5000: Get on the Bus -> 200
4038/5000: Thr3e -> 200
4039/5000: Idiocracy -> 200
4040/5000: The Rise of the Krays -> 200
4041/5000: This Is England -> 200
4042/5000: U.F.O. -> 200
4043/5000: Bathing Beauty -> 200
4044/5000: Go for It! -> 200
4045/5000: Dancer, Texas Pop. 81 -> 200
4046/5000: Show Boat -> 200
4047/5000: Redemption Road -> 200
4048/5000: The Calling -> 200
4049/5000: The Brave Little Toaster -> 200
4050/5000: Fantasia -> 200
4051/5000: 8 Days -> 200
4052/5000: Friday the 13th Part III -> 200
4053/5000: Friday the 13th: A New Beginning -> 200
4054/5000: The Last Sin Eater -> 200
4055/5000: Do You Believe? -> 200
4056/5000: Impact Point -> 200
4057/5000: The Valley of Decision -> 200
4058/5000: Eden -> 200
4059/5000: Chicken Tikka Masala -> 200
4060/5000: There's Always Woodstock -> 200
4061/5000: Jack Brooks: Monster Slayer -> 200
4062/5000: The Best Years of Our Lives -> 200
4063/5000: Bully -> 200
4064/5000: Elling -> 200
4065/5000: Mi America -> 200
4066/5000: [REC] -> 200
4067/5000: Lies in Plain Sight -> 200
4068/5000: Sharkskin -> 200
4069/5000: Containment -> 200
4070/5000: The Timber -> 200
4071/5000: From Russia with Love -> 200
4072/5000: The Toxic Avenger Part II -> 200
4073/5000: Sleeper -> 200
4074/5000: It Follows -> 200
4075/5000: Everything You Always Wanted to Know About Sex *But Were Afraid to Ask -> 200
4076/5000: To Kill a Mockingbird -> 200
4077/5000: Mad Max 2: The Road Warrior -> 200
4078/5000: The Legend of Drunken Master -> 200
4079/5000: Boys Don't Cry -> 200
4080/5000: Silent House -> 200
4081/5000: The Lives of Others -> 200
4082/5000: Courageous -> 200
4083/5000: The Hustler -> 200
4084/5000: Boom Town -> 200
4085/5000: The Triplets of Belleville -> 200
4086/5000: Smoke Signals -> 200
4087/5000: American Splendor -> 200
4088/5000: Before Sunset -> 200
4089/5000: Amores perros -> 200
4090/5000: Thirteen -> 200
4091/5000: Gentleman's Agreement -> 200
4092/5000: Winter's Bone -> 200
4093/5000: Touching the Void -> 200
4094/5000: Alexander's Ragtime Band -> 200
4095/5000: Me and You and Everyone We Know -> 200
4096/5000: Inside Job -> 200
4097/5000: We Are Your Friends -> 200
4098/5000: Ghost Dog: The Way of the Samurai -> 200
4099/5000: Harsh Times -> 200
4100/5000: Captive -> 200
4101/5000: Full Frontal -> 200
4102/5000: Witchboard -> 200
4103/5000: Shortbus -> 200
4104/5000: Waltz with Bashir -> 200
4105/5000: The Book of Mormon Movie, Volume 1: The Journey -> 200
4106/5000: No End in Sight -> 200
4107/5000: The Diary of a Teenage Girl -> 200
4108/5000: In the Shadow of the Moon -> 200
4109/5000: Meek's Cutoff -> 200
4110/5000: Inside Deep Throat -> 200
4111/5000: Dinner Rush -> 200
4112/5000: Clockwatchers -> 200
4113/5000: The Virginity Hit -> 200
4114/5000: Subway -> 200
4115/5000: House of D -> 200
4116/5000: Teeth -> 200
4117/5000: Six-String Samurai -> 200
4118/5000: Hum To Mohabbat Karega -> 200
4119/5000: It's All Gone Pete Tong -> 200
4120/5000: Saint John of Las Vegas -> 200
4121/5000: 24 7: Twenty Four Seven -> 200
4122/5000: Stonewall -> 200
4123/5000: Roadside Romeo -> 200
4124/5000: This Thing of Ours -> 200
4125/5000: The Lost Medallion: The Adventures of Billy Stone -> 200
4126/5000: The Last Five Years -> 200
4127/5000: The Missing Person -> 200
4128/5000: Return of the Living Dead 3 -> 200
4129/5000: London -> 200
4130/5000: Sherrybaby -> 200
4131/5000: Circle -> 200
4132/5000: Eden Lake -> 200
4133/5000: Plush -> 200
4134/5000: Lesbian Vampire Killers -> 200
4135/5000: Gangster's Paradise: Jerusalema -> 200
4136/5000: Freeze Frame -> 200
4137/5000: Grave Encounters -> 200
4138/5000: Stitches -> 200
4139/5000: Nine Dead -> 200
4140/5000: Bananas -> 200
4141/5000: Supercapitalist -> 200
4142/5000: Rockaway -> 200
4143/5000: The Lady from Shanghai -> 200
4144/5000: No Man's Land: The Rise of Reeker -> 200
4145/5000: Highway -> 200
4146/5000: Small Apartments -> 200
4147/5000: Coffee Town -> 200
4148/5000: The Ghastly Love of Johnny X -> 200
4149/5000: All Is Bright -> 200
4150/5000: The Torture Chamber of Dr. Sadism -> 200
4151/5000: Straight A's -> 200
4152/5000: A Funny Thing Happened on the Way to the Forum -> 200
4153/5000: Slacker Uprising -> 200
4154/5000: The Legend of Hell's Gate: An American Conspiracy -> 200
4155/5000: The Walking Deceased -> 200
4156/5000: The Curse of Downers Grove -> 200
4157/5000: Shark Lake -> 200
4158/5000: River's Edge -> 200
4159/5000: Northfork -> 200
4160/5000: The Marine 4: Moving Target -> 200
4161/5000: Buried -> 200
4162/5000: Submarine -> 200
4163/5000: The Square -> 200
4164/5000: One to Another -> 200
4165/5000: ABCD (Any Body Can Dance) -> 200
4166/5000: Man on Wire -> 200
4167/5000: Abandoned -> 200
4168/5000: Brotherly Love -> 200
4169/5000: The Last Exorcism -> 200
4170/5000: Nowhere Boy -> 200
4171/5000: A Streetcar Named Desire -> 200
4172/5000: Dr. Strangelove or: How I Learned to Stop Worrying and Love the Bomb -> 200
4173/5000: The Crime of Padre Amaro -> 200
4174/5000: Beasts of the Southern Wild -> 200
4175/5000: Battle for the Planet of the Apes -> 200
4176/5000: Songcatcher -> 200
4177/5000: Higher Ground -> 200
4178/5000: Vaalu -> 200
4179/5000: The Greatest Movie Ever Sold -> 200
4180/5000: Ed and His Dead Mother -> 200
4181/5000: Travellers and Magicians -> 200
4182/5000: Hang 'em High -> 200
4183/5000: Deadline - U.S.A. -> 200
4184/5000: Sublime -> 200
4185/5000: A Beginner's Guide to Snuff -> 200
4186/5000: Independence Daysaster -> 200
4187/5000: Dysfunctional Friends -> 200
4188/5000: Run Lola Run -> 200
4189/5000: May -> 200
4190/5000: Against the Wild -> 200
4191/5000: Under the Same Moon -> 200
4192/5000: Conquest of the Planet of the Apes -> 200
4193/5000: In the Bedroom -> 200
4194/5000: I Spit on Your Grave -> 200
4195/5000: Happy, Texas -> 200
4196/5000: My Summer of Love -> 200
4197/5000: The Lunchbox -> 200
4198/5000: Yes -> 200
4199/5000: You Can't Take It With You -> 200
4200/5000: From Here to Eternity -> 200
4201/5000: She Wore a Yellow Ribbon -> 200
4202/5000: Grace Unplugged -> 200
4203/5000: Foolish -> 200
4204/5000: N-Secure -> 200
4205/5000: Caramel -> 200
4206/5000: Out of the Dark -> 200
4207/5000: The Bubble -> 200
4208/5000: The Conversation -> 200
4209/5000: Dil Jo Bhi Kahey... -> 200
4210/5000: Mississippi Mermaid -> 200
4211/5000: I Love Your Work -> 200
4212/5000: Cabin Fever -> 200
4213/5000: Waitress -> 200
4214/5000: Bloodsport -> 200
4215/5000: Mr. Smith Goes to Washington -> 200
4216/5000: Kids -> 200
4217/5000: The Squid and the Whale -> 200
4218/5000: Kissing Jessica Stein -> 200
4219/5000: Kickboxer: Vengeance -> 200
4220/5000: Spellbound -> 200
4221/5000: Exotica -> 200
4222/5000: Buffalo '66 -> 200
4223/5000: Insidious -> 200
4224/5000: Repo Man -> 200
4225/5000: Nine Queens -> 200
4226/5000: The Gatekeepers -> 200
4227/5000: The Ballad of Jack and Rose -> 200
4228/5000: The To Do List -> 200
4229/5000: Killing Zoe -> 200
4230/5000: The Believer -> 200
4231/5000: Snow Angels -> 200
4232/5000: Unsullied -> 200
4233/5000: Session 9 -> 200
4234/5000: I Want Someone to Eat Cheese With -> 200
4235/5000: Mooz-lum -> 200
4236/5000: Hatchet -> 200
4237/5000: Modern Times -> 200
4238/5000: Stolen Summer -> 200
4239/5000: My Name Is Bruce -> 200
4240/5000: The Salon -> 200
4241/5000: Road Hard -> 200
4242/5000: Forty Shades of Blue -> 200
4243/5000: Amigo -> 200
4244/5000: Pontypool -> 200
4245/5000: Trucker -> 200
4246/5000: Me You and Five Bucks -> 200
4247/5000: The Lords of Salem -> 200
4248/5000: Housebound -> 200
4249/5000: Wal-Mart: The High Cost of Low Price -> 200
4250/5000: Fetching Cody -> 200
4251/5000: Last I Heard -> 200
4252/5000: Closer to the Moon -> 200
4253/5000: Mutant World -> 200
4254/5000: Growing Up Smith -> 200
4255/5000: Checkmate -> 200
4256/5000: #Horror -> 200
4257/5000: Wind Walkers -> 200
4258/5000: Snow White and the Seven Dwarfs -> 200
4259/5000: The Holy Girl -> 200
4260/5000: Shalako -> 200
4261/5000: Incident at Loch Ness -> 200
4262/5000: The Dog Lover -> 200
4263/5000: GirlHouse -> 200
4264/5000: The Blue Room -> 200
4265/5000: House at the End of the Drive -> 200
4266/5000: Batman -> 200
4267/5000: Lock, Stock and Two Smoking Barrels -> 200
4268/5000: The Ballad of Gregorio Cortez -> 200
4269/5000: The Celebration -> 200
4270/5000: Trees Lounge -> 200
4271/5000: Journey from the Fall -> 200
4272/5000: The Basket -> 200
4273/5000: Eddie: The Sleepwalking Cannibal -> 200
4274/5000: Queen of the Mountains -> 200
4275/5000: Def-Con 4 -> 200
4276/5000: The Hebrew Hammer -> 200
4277/5000: Neal 'n' Nikki -> 200
4278/5000: The 41–Year–Old Virgin Who Knocked Up Sarah Marshall and Felt Superbad About It -> 200
4279/5000: Forget Me Not -> 200
4280/5000: Rebecca -> 200
4281/5000: Friday the 13th Part 2 -> 200
4282/5000: The Lost Weekend -> 200
4283/5000: C.H.U.D. -> 200
4284/5000: Filly Brown -> 200
4285/5000: The Lion of Judah -> 200
4286/5000: Niagara -> 200
4287/5000: How Green Was My Valley -> 200
4288/5000: Da Sweet Blood of Jesus -> 200
4289/5000: Sex, Lies, and Videotape -> 200
4290/5000: Saw -> 200
4291/5000: Super Troopers -> 200
4292/5000: The Algerian -> 200
4293/5000: The Amazing Catfish -> 200
4294/5000: Monsoon Wedding -> 200
4295/5000: You Can Count on Me -> 200
4296/5000: The Trouble with Harry -> 200
4297/5000: But I'm a Cheerleader -> 200
4298/5000: Home Run -> 200
4299/5000: Reservoir Dogs -> 200
4300/5000: The Blue Bird -> 200
4301/5000: The Good, the Bad and the Ugly -> 200
4302/5000: The Second Mother -> 200
4303/5000: Blue Like Jazz -> 200
4304/5000: Down & Out With The Dolls -> 200
4305/5000: Pink Ribbons, Inc. -> 200
4306/5000: Certifiably Jonathan -> 200
4307/5000: Desire -> 200
4308/5000: The Blade of Don Juan -> 200
4309/5000: Grand Theft Parsons -> 200
4310/5000: Extreme Movie -> 200
4311/5000: The Charge of the Light Brigade -> 200
4312/5000: Below Zero -> 200
4313/5000: Crowsnest -> 200
4314/5000: Airborne -> 200
4315/5000: Cotton Comes to Harlem -> 200
4316/5000: The Wicked Within -> 200
4317/5000: Bleeding Hearts -> 200
4318/5000: Waiting... -> 200
4319/5000: Dead Man's Shoes -> 200
4320/5000: From a Whisper to a Scream -> 200
4321/5000: Sex With Strangers -> 200
4322/5000: Dracula: Pages from a Virgin's Diary -> 200
4323/5000: Faith Like Potatoes -> 200
4324/5000: Beyond the Black Rainbow -> 200
4325/5000: The Raid -> 200
4326/5000: The Dead Undead -> 200
4327/5000: The Vatican Exorcisms -> 200
4328/5000: Casablanca -> 200
4329/5000: Lake Mungo -> 200
4330/5000: Rocket Singh: Salesman of the Year -> 200
4331/5000: Silent Running -> 200
4332/5000: Rocky -> 200
4333/5000: The Sleepwalker -> 200
4334/5000: Tom Jones -> 200
4335/5000: Unfriended -> 200
4336/5000: Taxi Driver -> 200
4337/5000: The Howling -> 200
4338/5000: Dr. No -> 200
4339/5000: Chernobyl Diaries -> 200
4340/5000: Hellraiser -> 200
4341/5000: God's Not Dead 2 -> 200
4342/5000: Cry_Wolf -> 200
4343/5000: Godzilla 2000 -> 200
4344/5000: Blue Valentine -> 200
4345/5000: Transamerica -> 200
4346/5000: The Devil Inside -> 200
4347/5000: Beyond the Valley of the Dolls -> 200
4348/5000: Love Me Tender -> 200
4349/5000: An Inconvenient Truth -> 200
4350/5000: Sands of Iwo Jima -> 200
4351/5000: Shine a Light -> 200
4352/5000: The Green Inferno -> 200
4353/5000: Departure -> 200
4354/5000: The Sessions -> 200
4355/5000: Food, Inc. -> 200
4356/5000: October Baby -> 200
4357/5000: Next Stop Wonderland -> 200
4358/5000: The Skeleton Twins -> 200
4359/5000: Martha Marcy May Marlene -> 200
4360/5000: Obvious Child -> 200
4361/5000: Frozen River -> 200
4362/5000: 20 Feet from Stardom -> 200
4363/5000: Two Girls and a Guy -> 200
4364/5000: Walking and Talking -> 200
4365/5000: Who Killed the Electric Car? -> 200
4366/5000: The Broken Hearts Club: A Romantic Comedy -> 200
4367/5000: Bubba Ho-tep -> 200
4368/5000: Slam -> 200
4369/5000: Brigham City -> 200
4370/5000: Fiza -> 200
4371/5000: Orgazmo -> 200
4372/5000: All the Real Girls -> 200
4373/5000: Dream with the Fishes -> 200
4374/5000: Blue Car -> 200
4375/5000: Palo Alto -> 200
4376/5000: Ajami -> 200
4377/5000: Wristcutters: A Love Story -> 200
4378/5000: I Origins -> 200
4379/5000: The Battle of Shaker Heights -> 200
4380/5000: The Act of Killing -> 200
4381/5000: Taxi to the Dark Side -> 200
4382/5000: Once in a Lifetime: The Extraordinary Story of the New York Cosmos -> 200
4383/5000: Guiana 1838 -> 200
4384/5000: Lisa Picard Is Famous -> 200
4385/5000: Antarctica: A Year on Ice -> 200
4386/5000: A LEGO Brickumentary -> 200
4387/5000: Hardflip -> 200
4388/5000: Chocolate: Deep Dark Secrets -> 200
4389/5000: The House of the Devil -> 200
4390/5000: The Perfect Host -> 200
4391/5000: Safe Men -> 200
4392/5000: Speedway Junky -> 200
4393/5000: The Last Big Thing -> 200
4394/5000: The Specials -> 200
4395/5000: 16 to Life -> 200
4396/5000: Alone With Her -> 200
4397/5000: Creative Control -> 200
4398/5000: Special -> 200
4399/5000: Sparkler -> 200
4400/5000: In Her Line of Fire -> 200
4401/5000: The Jimmy Show -> 200
4402/5000: Heli -> 200
4403/5000: Karachi se Lahore -> 200
4404/5000: Loving Annabelle -> 200
4405/5000: Hits -> 200
4406/5000: Jimmy and Judy -> 200
4407/5000: Frat Party -> 200
4408/5000: The Party's Over -> 200
4409/5000: Proud -> 200
4410/5000: The Poker House -> 200
4411/5000: Childless -> 200
4412/5000: ZMD: Zombies of Mass Destruction -> 200
4413/5000: Snow White: A Deadly Summer -> 200
4414/5000: Hidden Away -> 200
4415/5000: My Last Day Without You -> 200
4416/5000: Steppin: The Movie -> 200
4417/5000: Doc Holliday's Revenge -> 200
4418/5000: Black Rock -> 200
4419/5000: Truth or Dare -> 200
4420/5000: The Pet -> 200
4421/5000: Bang Bang Baby -> 200
4422/5000: Fear Clinic -> 200
4423/5000: Zombie Hunter -> 200
4424/5000: A Fine Step -> 200
4425/5000: Charly -> 200
4426/5000: Banshee Chapter -> 200
4427/5000: Ask Me Anything -> 200
4428/5000: And Then Came Love -> 200
4429/5000: On the Waterfront -> 200
4430/5000: L!fe Happens -> 200
4431/5000: 4 Months, 3 Weeks and 2 Days -> 200
4432/5000: The Horror Network Vol. 1 -> 200
4433/5000: Hard Candy -> 200
4434/5000: The Quiet -> 200
4435/5000: Circumstance -> 200
4436/5000: Fruitvale Station -> 200
4437/5000: The Brass Teapot -> 200
4438/5000: Bambi -> 200
4439/5000: The Hammer -> 200
4440/5000: Latter Days -> 200
4441/5000: Elza -> 200
4442/5000: 1982 -> 200
4443/5000: For a Good Time, Call... -> 200
4444/5000: Celeste & Jesse Forever -> 200
4445/5000: Time Changer -> 200
4446/5000: London to Brighton -> 200
4447/5000: American Hero -> 200
4448/5000: Windsor Drive -> 200
4449/5000: A Separation -> 200
4450/5000: Crying with Laughter -> 200
4451/5000: Welcome to the Dollhouse -> 200
4452/5000: Ruby in Paradise -> 200
4453/5000: Raising Victor Vargas -> 200
4454/5000: Pandora's Box -> 200
4455/5000: Harrison Montgomery -> 200
4456/5000: Live-In Maid -> 200
4457/5000: Deterrence -> 200
4458/5000: The Mudge Boy -> 200
4459/5000: The Young Unknowns -> 200
4460/5000: Not Cool -> 200
4461/5000: Dead Snow -> 200
4462/5000: Saints and Soldiers -> 200
4463/5000: Vessel -> 200
4464/5000: American Graffiti -> 200
4465/5000: Iraq for Sale: The War Profiteers -> 200
4466/5000: Aqua Teen Hunger Force Colon Movie Film for Theaters -> 200
4467/5000: Safety Not Guaranteed -> 200
4468/5000: Kevin Hart: Laugh at My Pain -> 200
4469/5000: Kill List -> 200
4470/5000: The Innkeepers -> 200
4471/5000: The Conformist -> 200
4472/5000: Interview with the Assassin -> 200
4473/5000: Donkey Punch -> 200
4474/5000: All the Boys Love Mandy Lane -> 200
4475/5000: Bled -> 200
4476/5000: High Noon -> 200
4477/5000: Hoop Dreams -> 200
4478/5000: Rize -> 200
4479/5000: L.I.E. -> 200
4480/5000: The Sisterhood of Night -> 200
4481/5000: B-Girl -> 200
4482/5000: Half Nelson -> 200
4483/5000: Naturally Native -> 200
4484/5000: Hav Plenty -> 200
4485/5000: Adulterers -> 200
4486/5000: Escape from Tomorrow -> 200
4487/5000: Starsuckers -> 200
4488/5000: The Hadza:  Last of the First -> 200
4489/5000: After -> 200
4490/5000: Treachery -> 200
4491/5000: Walter -> 200
4492/5000: Top Hat -> 200
4493/5000: The Blair Witch Project -> 200
4494/5000: Woodstock -> 200
4495/5000: The Kentucky Fried Movie -> 200
4496/5000: Mercy Streets -> 200
4497/5000: Carousel of Revenge -> 200
4498/5000: Broken Vessels -> 200
4499/5000: Water & Power -> 200
4500/5000: They Will Have to Kill Us First -> 200
4501/5000: Light from the Darkroom -> 200
4502/5000: The Country Doctor -> 200
4503/5000: The Maid's Room -> 200
4504/5000: A Hard Day's Night -> 200
4505/5000: The Harvest (La Cosecha) -> 200
4506/5000: Love Letters -> 200
4507/5000: Juliet and Alfa Romeo -> 200
4508/5000: Fireproof -> 200
4509/5000: Faith Connections -> 200
4510/5000: Benji -> 200
4511/5000: Open Water -> 200
4512/5000: High Road -> 200
4513/5000: Kingdom of the Spiders -> 200
4514/5000: Mad Hot Ballroom -> 200
4515/5000: The Station Agent -> 200
4516/5000: To Save A Life -> 200
4517/5000: Wordplay -> 200
4518/5000: Beyond the Mat -> 200
4519/5000: The Singles Ward -> 200
4520/5000: Osama -> 200
4521/5000: Sholem Aleichem: Laughing In The Darkness -> 200
4522/5000: Groove -> 200
4523/5000: The R.M. -> 200
4524/5000: Twin Falls Idaho -> 200
4525/5000: Mean Creek -> 200
4526/5000: Hurricane Streets -> 200
4527/5000: Never Again -> 200
4528/5000: Civil Brand -> 200
4529/5000: Lonesome Jim -> 200
4530/5000: Drinking Buddies -> 200
4531/5000: Deceptive Practice: The Mysteries and Mentors of Ricky Jay -> 200
4532/5000: Seven Samurai -> 200
4533/5000: The Other Dream Team -> 200
4534/5000: Johnny Suede -> 200
4535/5000: Finishing The Game -> 200
4536/5000: Rubber -> 200
4537/5000: Kiss the Bride -> 200
4538/5000: The Slaughter Rule -> 200
4539/5000: Monsters -> 200
4540/5000: The Californians -> 200
4541/5000: The Living Wake -> 200
4542/5000: Detention of the Dead -> 200
4543/5000: Crazy Stone -> 200
4544/5000: Scott Walker: 30 Century Man -> 200
4545/5000: Everything Put Together -> 200
4546/5000: Good Kill -> 200
4547/5000: The Outrageous Sophie Tucker -> 200
4548/5000: Now Is Good -> 200
4549/5000: Girls Gone Dead -> 200
4550/5000: America Is Still the Place -> 200
4551/5000: Subconscious -> 200
4552/5000: Enter Nowhere -> 200
4553/5000: El Rey de Najayo -> 200
4554/5000: Fight to the Finish -> 200
4555/5000: Alleluia! The Devil's Carnival -> 200
4556/5000: The Sound and the Shadow -> 200
4557/5000: Rodeo Girl -> 200
4558/5000: Born to Fly: Elizabeth Streb vs. Gravity -> 200
4559/5000: The Little Ponderosa Zoo -> 200
4560/5000: The Toxic Avenger -> 200
4561/5000: Straight Out of Brooklyn -> 200
4562/5000: Bloody Sunday -> 200
4563/5000: Diamond Ruff -> 200
4564/5000: Conversations with Other Women -> 200
4565/5000: Poultrygeist: Night of the Chicken Dead -> 200
4566/5000: Mutual Friends -> 200
4567/5000: 42nd Street -> 200
4568/5000: Rise of the Entrepreneur: The Search for a Better Way -> 200
4569/5000: Metropolitan -> 200
4570/5000: As It Is in Heaven -> 200
4571/5000: Roadside -> 200
4572/5000: Napoleon Dynamite -> 200
4573/5000: Blue Ruin -> 200
4574/5000: Paranormal Activity -> 200
4575/5000: Dogtown and Z-Boys -> 200
4576/5000: Monty Python and the Holy Grail -> 200
4577/5000: Quinceañera -> 200
4578/5000: Gory Gory Hallelujah -> 200
4579/5000: Tarnation -> 200
4580/5000: I Want Your Money -> 200
4581/5000: Love in the Time of Monsters -> 200
4582/5000: The Beyond -> 200
4583/5000: What Happens in Vegas -> 200
4584/5000: The Dark Hours -> 200
4585/5000: My Beautiful Laundrette -> 200
4586/5000: Fabled -> 200
4587/5000: Show Me -> 200
4588/5000: Cries and Whispers -> 200
4589/5000: Intolerance -> 200
4590/5000: Trekkies -> 200
4591/5000: The Broadway Melody -> 200
4592/5000: The Evil Dead -> 200
4593/5000: Maniac -> 200
4594/5000: Censored Voices -> 200
4595/5000: Murderball -> 200
4596/5000: American Ninja 2: The Confrontation -> 200
4597/5000: 51 Birch Street -> 200
4598/5000: Rotor DR1 -> 200
4599/5000: 12 Angry Men -> 200
4600/5000: My Dog Tulip -> 200
4601/5000: It Happened One Night -> 200
4602/5000: Dogtooth -> 200
4603/5000: Tupac: Resurrection -> 200
4604/5000: Tumbleweeds -> 200
4605/5000: The Prophecy -> 200
4606/5000: When the Cat's Away -> 200
4607/5000: Pieces of April -> 200
4608/5000: The Big Swap -> 200
4609/5000: Old Joy -> 200
4610/5000: Wendy and Lucy -> 200
4611/5000: 3 Backyards -> 200
4612/5000: Pierrot le Fou -> 200
4613/5000: Sisters in Law -> 200
4614/5000: Ayurveda: Art of Being -> 200
4615/5000: Nothing But a Man -> 200
4616/5000: First Love, Last Rites -> 200
4617/5000: Fighting Tommy Riley -> 200
4618/5000: Royal Kill -> 200
4619/5000: The Looking Glass -> 200
4620/5000: Death Race 2000 -> 200
4621/5000: Locker 13 -> 200
4622/5000: Midnight Cabaret -> 200
4623/5000: Anderson's Cross -> 200
4624/5000: Bizarre -> 200
4625/5000: Graduation Day -> 200
4626/5000: Some Guy Who Kills People -> 200
4627/5000: Compliance -> 200
4628/5000: Chasing Amy -> 200
4629/5000: Lovely & Amazing -> 200
4630/5000: Death Calls -> 200
4631/5000: Better Luck Tomorrow -> 200
4632/5000: The Incredibly True Adventure of Two Girls In Love -> 200
4633/5000: Chuck & Buck -> 200
4634/5000: American Desi -> 200
4635/5000: Amidst the Devil's Wings -> 200
4636/5000: Cube -> 200
4637/5000: Love and Other Catastrophes -> 200
4638/5000: I Married a Strange Person! -> 200
4639/5000: November -> 200
4640/5000: Like Crazy -> 200
4641/5000: Teeth and Blood -> 200
4642/5000: Sugar Town -> 200
4643/5000: The Motel -> 200
4644/5000: The Canyons -> 200
4645/5000: On the Outs -> 200
4646/5000: Shotgun Stories -> 200
4647/5000: Exam -> 200
4648/5000: The Sticky Fingers of Time -> 200
4649/5000: Sunday School Musical -> 200
4650/5000: Rust -> 200
4651/5000: Ink -> 200
4652/5000: The Christmas Bunny -> 200
4653/5000: Butterfly -> 200
4654/5000: UnDivided -> 200
4655/5000: The Frozen -> 200
4656/5000: Horse Camp -> 200
4657/5000: Give Me Shelter -> 200
4658/5000: The Big Parade -> 200
4659/5000: Little Big Top -> 200
4660/5000: Along the Roadside -> 200
4661/5000: Bronson -> 200
4662/5000: Western Religion -> 200
4663/5000: Burn -> 200
4664/5000: Urbania -> 200
4665/5000: The Stewardesses -> 200
4666/5000: The Beast from 20,000 Fathoms -> 200
4667/5000: Mad Max -> 200
4668/5000: Swingers -> 200
4669/5000: A Fistful of Dollars -> 200
4670/5000: She Done Him Wrong -> 200
4671/5000: Short Cut to Nirvana: Kumbh Mela -> 200
4672/5000: The Grace Card -> 200
4673/5000: Middle of Nowhere -> 200
4674/5000: Three -> 200
4675/5000: The Business of Fancydancing -> 200
4676/5000: Call + Response -> 200
4677/5000: Malevolence -> 200
4678/5000: Reality Show -> 200
4679/5000: Super Hybrid -> 200
4680/5000: Baghead -> 200
4681/5000: American Beast -> 200
4682/5000: The Case of the Grinning Cat -> 200
4683/5000: Ordet -> 200
4684/5000: Good Dick -> 200
4685/5000: The Man from Earth -> 200
4686/5000: The Trials Of Darryl Hunt -> 200
4687/5000: Samantha: An American Girl Holiday -> 200
4688/5000: Yesterday Was a Lie -> 200
4689/5000: Theresa Is a Mother -> 200
4690/5000: H. -> 200
4691/5000: Archaeology of a Woman -> 200
4692/5000: Children of Heaven -> 200
4693/5000: Weekend -> 200
4694/5000: She's Gotta Have It -> 200
4695/5000: Butterfly Girl -> 200
4696/5000: The World Is Mine -> 200
4697/5000: Another Earth -> 200
4698/5000: Sweet Sweetback's Baadasssss Song -> 200
4699/5000: Perfect Cowboy -> 200
4700/5000: Tadpole -> 200
4701/5000: Once -> 200
4702/5000: The Woman Chaser -> 200
4703/5000: The Horse Boy -> 200
4704/5000: When the Lights Went Out -> 200
4705/5000: Heroes of Dirt -> 200
4706/5000: A Charlie Brown Christmas -> 200
4707/5000: Antarctic Edge: 70° South -> 200
4708/5000: Aroused -> 200
4709/5000: Top Spin -> 200
4710/5000: Roger & Me -> 200
4711/5000: An American in Hollywood -> 200
4712/5000: Sound of My Voice -> 200
4713/5000: The Blood of My Brother: A Story of Death in Iraq -> 200
4714/5000: Your Sister's Sister -> 200
4715/5000: A Dog's Breakfast -> 200
4716/5000: The Married Woman -> 200
4717/5000: The Birth of a Nation -> 200
4718/5000: The Work and The Story -> 200
4719/5000: Facing the Giants -> 200
4720/5000: The Gallows -> 200
4721/5000: Eraserhead -> 200
4722/5000: Hollywood Shuffle -> 200
4723/5000: The Mighty -> 200
4724/5000: Penitentiary -> 200
4725/5000: The Lost Skeleton of Cadavra -> 200
4726/5000: Dude Where's My Dog? -> 200
4727/5000: Cheap Thrills -> 200
4728/5000: Indie Game: The Movie -> 200
4729/5000: Straightheads -> 200
4730/5000: Open Secret -> 200
4731/5000: Echo Dr. -> 200
4732/5000: The Night Visitor -> 200
4733/5000: The Past Is a Grotesque Animal -> 200
4734/5000: Peace, Propaganda & the Promised Land -> 200
4735/5000: Pi -> 200
4736/5000: I Love You, Don't Touch Me! -> 200
4737/5000: 20 Dates -> 200
4738/5000: Queen Crab -> 200
4739/5000: Super Size Me -> 200
4740/5000: The FP -> 200
4741/5000: Happy Christmas -> 200
4742/5000: The Brain That Wouldn't Die -> 200
4743/5000: Tiger Orange -> 200
4744/5000: Supporting Characters -> 200
4745/5000: Absentia -> 200
4746/5000: The Brothers McMullen -> 200
4747/5000: The Dirties -> 200
4748/5000: Gabriela -> 200
4749/5000: Tiny Furniture -> 200
4750/5000: Hayride -> 200
4751/5000: The Naked Ape -> 200
4752/5000: Counting -> 200
4753/5000: The Call of Cthulhu -> 200
4754/5000: Bending Steel -> 200
4755/5000: The Signal -> 200
4756/5000: The Image Revolution -> 200
4757/5000: This Is Martin Bonner -> 200
4758/5000: A True Story -> 200
4759/5000: George Washington -> 200
4760/5000: Smiling Fish & Goat On Fire -> 200
4761/5000: Dawn of the Crescent Moon -> 200
4762/5000: Raymond Did It -> 200
4763/5000: The Last Waltz -> 200
4764/5000: Run, Hide, Die -> 200
4765/5000: The Exploding Girl -> 200
4766/5000: The Legend of God's Gun -> 200
4767/5000: Mutual Appreciation -> 200
4768/5000: Her Cry: La Llorona Investigation -> 200
4769/5000: Down Terrace -> 200
4770/5000: Clerks -> 200
4771/5000: Pink Narcissus -> 200
4772/5000: Funny Ha Ha -> 200
4773/5000: In the Company of Men -> 200
4774/5000: Manito -> 200
4775/5000: Rampage -> 200
4776/5000: Slacker -> 200
4777/5000: Dutch Kills -> 200
4778/5000: Dry Spell -> 200
4779/5000: Flywheel -> 200
4780/5000: Backmask -> 200
4781/5000: The Puffy Chair -> 200
4782/5000: Stories of Our Lives -> 200
4783/5000: Breaking Upwards -> 200
4784/5000: All Superheroes Must Die -> 200
4785/5000: Pink Flamingos -> 200
4786/5000: Clean -> 200
4787/5000: The Circle -> 200
4788/5000: Tin Can Man -> 200
4789/5000: Cure -> 200
4790/5000: On The Downlow -> 200
4791/5000: Sanctuary: Quite a Conundrum -> 200
4792/5000: Bang -> 200
4793/5000: Primer -> 200
4794/5000: Cavite -> 200
4795/5000: El Mariachi -> 200
4796/5000: Newlyweds -> 200
4797/5000: Signed, Sealed, Delivered -> 200
4798/5000: Shanghai Calling -> 200
4799/5000: My Date with Drew -> 200
Gata.
